PERIF,KOMMA,PSIFOI2023,PSIFOI2019
Έβρου,ΝΔ,35971,37730
Έβρου,ΣΥΡΙΖΑ-ΠΣ,15503,23103
Έβρου,ΠΑΣΟΚ-Κίνημα Αλλαγής,10249,6852
Έβρου,ΕΛΛΗΝΙΚΗ ΛΥΣΗ,7246,4916
Έβρου,ΚΚΕ,3221,2472
Έβρου,ΝΙΚΗ,2338,0
Έβρου,ΠΛΕΥΣΗ ΕΛΕΥΘΕΡΙΑΣ-ΖΩΗ ΚΩΝΣΤΑΝΤΟΠΟΥΛΟΥ,1359,676
Έβρου,ΜέΡΑ25,1340,2001
Έβρου,Κίνημα 21,875,0
Έβρου,ΕΘΝΙΚΗ ΔΗΜΙΟΥΡΓΙΑ,776,623
Έβρου,ΕΝΩΝΩ ΣΥΜΜΑΧΙΑ ΕΛΕΥΘΕΡΙΑΣ,561,0
Έβρου,ΣΥΜΜΑΧΙΑ ΑΝΑΤΡΟΠΗΣ,542,0
Έβρου,ΕΛΕΥΘΕΡΟΙ ΞΑΝΑ,352,0
Έβρου,ΕΑΝ...,349,0
Έβρου,ΠΝΟΗ ΔΗΜΟΚΡΑΤΙΑΣ,347,0
Έβρου,ΕΝΩΣΗ ΚΕΝΤΡΩΩΝ,315,1107
Έβρου,ΠΡΑΣΙΝΟ ΚΙΝΗΜΑ,315,0
Έβρου,ΑΝΤ.ΑΡ.ΣΥ.Α.,301,242
Έβρου,ΕΛΛΗΝΩΝ ΣΥΝΕΛΕΥΣΙΣ,208,268
Έβρου,ΕΝΟΤΗΤΑ - ΑΛΗΘΕΙΑ ΕΝ.Α,205,0
Έβρου,Τ.ΟΛ.ΜΑ,188,0
Έβρου,ΠΟΛΙΤΙΚΗ ΠΡΩΤΟΒΟΥΛΙΑ,132,0
Έβρου,ΚΚΕ (μ-λ),96,84
Έβρου,ΒΟΡΕΙΑ ΛΕΓΚΑ - ΚΡΑΜΑ,86,0
Έβρου,ΚΟΙΝΩΝΙΑ ΑΞΙΩΝ - ΦΙΛΕΛΕΥΘΕΡΗ ΣΥΜΜΑΧΙΑ,76,0
Έβρου,Μ-Λ ΚΚΕ,42,40
Έβρου,Ο.Κ.Δ.Ε.,39,33
Έβρου,ΟΑΚΚΕ,21,0
Έβρου,ΚΙΝΗΜΑ ΦΤΩΧΩΝ ΕΛΛΑΔΟΣ,0,0
Έβρου,ΕΛΛΗΝΙΚΟ ΟΡΑΜΑ,0,0
Έβρου,ΝΕΑ ΔΟΜΗ,0,0
Έβρου,Κ.Ο.Τ.Ε.Σ.,0,0
Έβρου,Δημοσθένης Βεργής ΕΛΛΗΝΕΣ ΟΙΚΟΛΟΓΟΙ,0,0
Έβρου,SOCIAL,0,0
Έβρου,Οικολόγοι ΠΡΑΣΙΝΟΙ - ΠΡΑΣΙΝΗ  ΕΝΟΤΗΤΑ,0,0
Έβρου,Ανεξάρτητοι,0,0
Έβρου,ΕΓΓΕΓΡΑΜΜΕΝΟΙ,165975,-
Έβρου,ΑΚΥΡΑ,2181,-
Έβρου,ΛΕΥΚΑ,644,-
Έβρου,ΕΓΚΥΡΑ,83050,-
Έβρου,ΣΥΜΜΕΤΟΧΗ,85875,-
Ροδόπης,ΣΥΡΙΖΑ-ΠΣ,20185,16603
Ροδόπης,ΝΔ,16462,23123
Ροδόπης,ΠΑΣΟΚ-Κίνημα Αλλαγής,13769,13405
Ροδόπης,ΕΛΛΗΝΙΚΗ ΛΥΣΗ,2552,1573
Ροδόπης,ΚΚΕ,2158,2599
Ροδόπης,ΜέΡΑ25,1206,842
Ροδόπης,ΝΙΚΗ,1138,0
Ροδόπης,ΠΛΕΥΣΗ ΕΛΕΥΘΕΡΙΑΣ-ΖΩΗ ΚΩΝΣΤΑΝΤΟΠΟΥΛΟΥ,677,330
Ροδόπης,ΕΘΝΙΚΗ ΔΗΜΙΟΥΡΓΙΑ,370,308
Ροδόπης,ΣΥΜΜΑΧΙΑ ΑΝΑΤΡΟΠΗΣ,285,0
Ροδόπης,Κίνημα 21,272,0
Ροδόπης,Οικολόγοι ΠΡΑΣΙΝΟΙ - ΠΡΑΣΙΝΗ  ΕΝΟΤΗΤΑ,213,0
Ροδόπης,ΕΝΩΝΩ ΣΥΜΜΑΧΙΑ ΕΛΕΥΘΕΡΙΑΣ,185,0
Ροδόπης,ΠΝΟΗ ΔΗΜΟΚΡΑΤΙΑΣ,169,0
Ροδόπης,ΚΚΕ (μ-λ),151,143
Ροδόπης,ΕΛΕΥΘΕΡΟΙ ΞΑΝΑ,148,0
Ροδόπης,ΕΝΩΣΗ ΚΕΝΤΡΩΩΝ,132,343
Ροδόπης,ΑΝΤ.ΑΡ.ΣΥ.Α.,124,103
Ροδόπης,Κ.Ο.Τ.Ε.Σ.,107,0
Ροδόπης,ΠΡΑΣΙΝΟ ΚΙΝΗΜΑ,104,0
Ροδόπης,ΚΙΝΗΜΑ ΦΤΩΧΩΝ ΕΛΛΑΔΟΣ,98,0
Ροδόπης,ΕΛΛΗΝΩΝ ΣΥΝΕΛΕΥΣΙΣ,81,94
Ροδόπης,Τ.ΟΛ.ΜΑ,75,0
Ροδόπης,ΒΟΡΕΙΑ ΛΕΓΚΑ - ΚΡΑΜΑ,49,0
Ροδόπης,ΚΟΙΝΩΝΙΑ ΑΞΙΩΝ - ΦΙΛΕΛΕΥΘΕΡΗ ΣΥΜΜΑΧΙΑ,40,0
Ροδόπης,Μ-Λ ΚΚΕ,40,40
Ροδόπης,Ο.Κ.Δ.Ε.,32,36
Ροδόπης,ΟΑΚΚΕ,12,0
Ροδόπης,ΕΛΛΗΝΙΚΟ ΟΡΑΜΑ,0,0
Ροδόπης,ΝΕΑ ΔΟΜΗ,0,0
Ροδόπης,ΠΟΛΙΤΙΚΗ ΠΡΩΤΟΒΟΥΛΙΑ,0,0
Ροδόπης,Δημοσθένης Βεργής ΕΛΛΗΝΕΣ ΟΙΚΟΛΟΓΟΙ,0,0
Ροδόπης,SOCIAL,0,0
Ροδόπης,ΕΑΝ...,0,0
Ροδόπης,ΕΝΟΤΗΤΑ - ΑΛΗΘΕΙΑ ΕΝ.Α,0,0
Ροδόπης,Ανεξάρτητοι,0,0
Ροδόπης,ΕΓΓΕΓΡΑΜΜΕΝΟΙ,118196,-
Ροδόπης,ΑΚΥΡΑ,1452,-
Ροδόπης,ΛΕΥΚΑ,578,-
Ροδόπης,ΕΓΚΥΡΑ,60838,-
Ροδόπης,ΣΥΜΜΕΤΟΧΗ,62868,-
Ξάνθης,ΝΔ,22160,22347
Ξάνθης,ΣΥΡΙΖΑ-ΠΣ,16388,24059
Ξάνθης,ΠΑΣΟΚ-Κίνημα Αλλαγής,11274,5333
Ξάνθης,ΕΛΛΗΝΙΚΗ ΛΥΣΗ,2485,2089
Ξάνθης,ΚΚΕ,1756,1331
Ξάνθης,ΝΙΚΗ,1724,0
Ξάνθης,ΜέΡΑ25,1187,1428
Ξάνθης,ΠΛΕΥΣΗ ΕΛΕΥΘΕΡΙΑΣ-ΖΩΗ ΚΩΝΣΤΑΝΤΟΠΟΥΛΟΥ,1020,654
Ξάνθης,ΕΘΝΙΚΗ ΔΗΜΙΟΥΡΓΙΑ,478,514
Ξάνθης,ΣΥΜΜΑΧΙΑ ΑΝΑΤΡΟΠΗΣ,400,0
Ξάνθης,Οικολόγοι ΠΡΑΣΙΝΟΙ - ΠΡΑΣΙΝΗ  ΕΝΟΤΗΤΑ,337,0
Ξάνθης,ΕΝΩΝΩ ΣΥΜΜΑΧΙΑ ΕΛΕΥΘΕΡΙΑΣ,318,0
Ξάνθης,Κίνημα 21,315,0
Ξάνθης,ΠΝΟΗ ΔΗΜΟΚΡΑΤΙΑΣ,224,0
Ξάνθης,ΕΝΩΣΗ ΚΕΝΤΡΩΩΝ,220,472
Ξάνθης,ΚΚΕ (μ-λ),206,166
Ξάνθης,ΕΛΕΥΘΕΡΟΙ ΞΑΝΑ,193,0
Ξάνθης,ΕΑΝ...,151,0
Ξάνθης,ΑΝΤ.ΑΡ.ΣΥ.Α.,147,184
Ξάνθης,ΠΡΑΣΙΝΟ ΚΙΝΗΜΑ,143,0
Ξάνθης,Τ.ΟΛ.ΜΑ,138,0
Ξάνθης,ΕΝΟΤΗΤΑ - ΑΛΗΘΕΙΑ ΕΝ.Α,130,0
Ξάνθης,ΒΟΡΕΙΑ ΛΕΓΚΑ - ΚΡΑΜΑ,93,0
Ξάνθης,ΕΛΛΗΝΩΝ ΣΥΝΕΛΕΥΣΙΣ,78,121
Ξάνθης,ΠΟΛΙΤΙΚΗ ΠΡΩΤΟΒΟΥΛΙΑ,53,0
Ξάνθης,Μ-Λ ΚΚΕ,46,27
Ξάνθης,ΚΟΙΝΩΝΙΑ ΑΞΙΩΝ - ΦΙΛΕΛΕΥΘΕΡΗ ΣΥΜΜΑΧΙΑ,39,0
Ξάνθης,Ο.Κ.Δ.Ε.,26,25
Ξάνθης,ΟΑΚΚΕ,15,0
Ξάνθης,ΚΙΝΗΜΑ ΦΤΩΧΩΝ ΕΛΛΑΔΟΣ,0,0
Ξάνθης,ΕΛΛΗΝΙΚΟ ΟΡΑΜΑ,0,0
Ξάνθης,ΝΕΑ ΔΟΜΗ,0,0
Ξάνθης,Κ.Ο.Τ.Ε.Σ.,0,0
Ξάνθης,Δημοσθένης Βεργής ΕΛΛΗΝΕΣ ΟΙΚΟΛΟΓΟΙ,0,0
Ξάνθης,SOCIAL,0,0
Ξάνθης,Ανεξάρτητοι,0,0
Ξάνθης,ΕΓΓΕΓΡΑΜΜΕΝΟΙ,120564,-
Ξάνθης,ΑΚΥΡΑ,1600,-
Ξάνθης,ΛΕΥΚΑ,408,-
Ξάνθης,ΕΓΚΥΡΑ,61746,-
Ξάνθης,ΣΥΜΜΕΤΟΧΗ,63754,-
Δράμας,ΝΔ,23122,25672
Δράμας,ΠΑΣΟΚ-Κίνημα Αλλαγής,9934,7199
Δράμας,ΣΥΡΙΖΑ-ΠΣ,8150,13288
Δράμας,ΕΛΛΗΝΙΚΗ ΛΥΣΗ,4049,3916
Δράμας,ΝΙΚΗ,3128,0
Δράμας,ΚΚΕ,2302,1626
Δράμας,ΠΛΕΥΣΗ ΕΛΕΥΘΕΡΙΑΣ-ΖΩΗ ΚΩΝΣΤΑΝΤΟΠΟΥΛΟΥ,1714,919
Δράμας,ΜέΡΑ25,1238,1812
Δράμας,ΕΝΩΝΩ ΣΥΜΜΑΧΙΑ ΕΛΕΥΘΕΡΙΑΣ,1128,0
Δράμας,ΕΘΝΙΚΗ ΔΗΜΙΟΥΡΓΙΑ,570,606
Δράμας,ΣΥΜΜΑΧΙΑ ΑΝΑΤΡΟΠΗΣ,528,0
Δράμας,ΠΝΟΗ ΔΗΜΟΚΡΑΤΙΑΣ,452,0
Δράμας,Οικολόγοι ΠΡΑΣΙΝΟΙ - ΠΡΑΣΙΝΗ  ΕΝΟΤΗΤΑ,390,0
Δράμας,Κίνημα 21,375,0
Δράμας,ΕΝΩΣΗ ΚΕΝΤΡΩΩΝ,228,800
Δράμας,ΚΙΝΗΜΑ ΦΤΩΧΩΝ ΕΛΛΑΔΟΣ,195,0
Δράμας,Τ.ΟΛ.ΜΑ,189,0
Δράμας,ΕΝΟΤΗΤΑ - ΑΛΗΘΕΙΑ ΕΝ.Α,180,0
Δράμας,ΑΝΤ.ΑΡ.ΣΥ.Α.,168,146
Δράμας,ΠΡΑΣΙΝΟ ΚΙΝΗΜΑ,156,0
Δράμας,ΕΛΛΗΝΩΝ ΣΥΝΕΛΕΥΣΙΣ,143,252
Δράμας,ΒΟΡΕΙΑ ΛΕΓΚΑ - ΚΡΑΜΑ,138,0
Δράμας,ΚΚΕ (μ-λ),70,37
Δράμας,ΚΟΙΝΩΝΙΑ ΑΞΙΩΝ - ΦΙΛΕΛΕΥΘΕΡΗ ΣΥΜΜΑΧΙΑ,63,0
Δράμας,Μ-Λ ΚΚΕ,43,17
Δράμας,ΟΑΚΚΕ,13,0
Δράμας,Ο.Κ.Δ.Ε.,11,13
Δράμας,ΕΛΛΗΝΙΚΟ ΟΡΑΜΑ,0,0
Δράμας,ΝΕΑ ΔΟΜΗ,0,0
Δράμας,ΠΟΛΙΤΙΚΗ ΠΡΩΤΟΒΟΥΛΙΑ,0,0
Δράμας,ΕΛΕΥΘΕΡΟΙ ΞΑΝΑ,0,0
Δράμας,Κ.Ο.Τ.Ε.Σ.,0,0
Δράμας,Δημοσθένης Βεργής ΕΛΛΗΝΕΣ ΟΙΚΟΛΟΓΟΙ,0,0
Δράμας,SOCIAL,0,0
Δράμας,ΕΑΝ...,0,0
Δράμας,Ανεξάρτητοι,0,0
Δράμας,ΕΓΓΕΓΡΑΜΜΕΝΟΙ,114364,-
Δράμας,ΑΚΥΡΑ,1002,-
Δράμας,ΛΕΥΚΑ,306,-
Δράμας,ΕΓΚΥΡΑ,58676,-
Δράμας,ΣΥΜΜΕΤΟΧΗ,59984,-
Καβάλας,ΝΔ,34286,32737
Καβάλας,ΣΥΡΙΖΑ-ΠΣ,12690,20159
Καβάλας,ΠΑΣΟΚ-Κίνημα Αλλαγής,8897,6526
Καβάλας,ΕΛΛΗΝΙΚΗ ΛΥΣΗ,4215,4506
Καβάλας,ΚΚΕ,4173,3219
Καβάλας,ΝΙΚΗ,3436,0
Καβάλας,ΠΛΕΥΣΗ ΕΛΕΥΘΕΡΙΑΣ-ΖΩΗ ΚΩΝΣΤΑΝΤΟΠΟΥΛΟΥ,2024,1220
Καβάλας,ΜέΡΑ25,1910,2408
Καβάλας,ΣΥΜΜΑΧΙΑ ΑΝΑΤΡΟΠΗΣ,1194,0
Καβάλας,ΕΝΩΝΩ ΣΥΜΜΑΧΙΑ ΕΛΕΥΘΕΡΙΑΣ,843,0
Καβάλας,ΕΘΝΙΚΗ ΔΗΜΙΟΥΡΓΙΑ,724,737
Καβάλας,ΠΝΟΗ ΔΗΜΟΚΡΑΤΙΑΣ,705,0
Καβάλας,Κίνημα 21,527,0
Καβάλας,Τ.ΟΛ.ΜΑ,504,0
Καβάλας,ΕΛΛΗΝΩΝ ΣΥΝΕΛΕΥΣΙΣ,408,442
Καβάλας,ΠΡΑΣΙΝΟ ΚΙΝΗΜΑ,353,0
Καβάλας,ΕΝΩΣΗ ΚΕΝΤΡΩΩΝ,346,1319
Καβάλας,ΕΑΝ...,239,0
Καβάλας,ΑΝΤ.ΑΡ.ΣΥ.Α.,229,159
Καβάλας,ΕΝΟΤΗΤΑ - ΑΛΗΘΕΙΑ ΕΝ.Α,229,0
Καβάλας,ΒΟΡΕΙΑ ΛΕΓΚΑ - ΚΡΑΜΑ,200,0
Καβάλας,ΚΚΕ (μ-λ),117,60
Καβάλας,ΠΟΛΙΤΙΚΗ ΠΡΩΤΟΒΟΥΛΙΑ,115,0
Καβάλας,ΚΟΙΝΩΝΙΑ ΑΞΙΩΝ - ΦΙΛΕΛΕΥΘΕΡΗ ΣΥΜΜΑΧΙΑ,88,0
Καβάλας,Μ-Λ ΚΚΕ,49,34
Καβάλας,Ο.Κ.Δ.Ε.,34,24
Καβάλας,ΟΑΚΚΕ,10,0
Καβάλας,ΚΙΝΗΜΑ ΦΤΩΧΩΝ ΕΛΛΑΔΟΣ,0,0
Καβάλας,ΕΛΛΗΝΙΚΟ ΟΡΑΜΑ,0,0
Καβάλας,ΝΕΑ ΔΟΜΗ,0,0
Καβάλας,ΕΛΕΥΘΕΡΟΙ ΞΑΝΑ,0,0
Καβάλας,Κ.Ο.Τ.Ε.Σ.,0,0
Καβάλας,Δημοσθένης Βεργής ΕΛΛΗΝΕΣ ΟΙΚΟΛΟΓΟΙ,0,0
Καβάλας,SOCIAL,0,0
Καβάλας,Οικολόγοι ΠΡΑΣΙΝΟΙ - ΠΡΑΣΙΝΗ  ΕΝΟΤΗΤΑ,0,0
Καβάλας,Ανεξάρτητοι,0,0
Καβάλας,ΕΓΓΕΓΡΑΜΜΕΝΟΙ,142369,-
Καβάλας,ΑΚΥΡΑ,1596,-
Καβάλας,ΛΕΥΚΑ,484,-
Καβάλας,ΕΓΚΥΡΑ,78543,-
Καβάλας,ΣΥΜΜΕΤΟΧΗ,80624,-
Α' Θεσσαλονίκης,ΝΔ,112971,107429
Α' Θεσσαλονίκης,ΣΥΡΙΖΑ-ΠΣ,65181,94693
Α' Θεσσαλονίκης,ΕΛΛΗΝΙΚΗ ΛΥΣΗ,27629,16289
Α' Θεσσαλονίκης,ΠΑΣΟΚ-Κίνημα Αλλαγής,26270,18313
Α' Θεσσαλονίκης,ΚΚΕ,24607,16037
Α' Θεσσαλονίκης,ΝΙΚΗ,15145,0
Α' Θεσσαλονίκης,ΠΛΕΥΣΗ ΕΛΕΥΘΕΡΙΑΣ-ΖΩΗ ΚΩΝΣΤΑΝΤΟΠΟΥΛΟΥ,14969,6613
Α' Θεσσαλονίκης,ΜέΡΑ25,10995,14410
Α' Θεσσαλονίκης,ΕΘΝΙΚΗ ΔΗΜΙΟΥΡΓΙΑ,4782,4241
Α' Θεσσαλονίκης,ΣΥΜΜΑΧΙΑ ΑΝΑΤΡΟΠΗΣ,3667,0
Α' Θεσσαλονίκης,Οικολόγοι ΠΡΑΣΙΝΟΙ - ΠΡΑΣΙΝΗ  ΕΝΟΤΗΤΑ,3031,0
Α' Θεσσαλονίκης,ΠΝΟΗ ΔΗΜΟΚΡΑΤΙΑΣ,2885,0
Α' Θεσσαλονίκης,ΕΝΩΣΗ ΚΕΝΤΡΩΩΝ,2434,6936
Α' Θεσσαλονίκης,ΑΝΤ.ΑΡ.ΣΥ.Α.,1850,1316
Α' Θεσσαλονίκης,Κίνημα 21,1820,0
Α' Θεσσαλονίκης,ΚΙΝΗΜΑ ΦΤΩΧΩΝ ΕΛΛΑΔΟΣ,1392,0
Α' Θεσσαλονίκης,ΕΝΩΝΩ ΣΥΜΜΑΧΙΑ ΕΛΕΥΘΕΡΙΑΣ,1228,0
Α' Θεσσαλονίκης,ΕΛΕΥΘΕΡΟΙ ΞΑΝΑ,1153,0
Α' Θεσσαλονίκης,Κ.Ο.Τ.Ε.Σ.,1147,0
Α' Θεσσαλονίκης,ΕΑΝ...,1004,0
Α' Θεσσαλονίκης,ΚΚΕ (μ-λ),954,550
Α' Θεσσαλονίκης,Τ.ΟΛ.ΜΑ,940,0
Α' Θεσσαλονίκης,ΕΝΟΤΗΤΑ - ΑΛΗΘΕΙΑ ΕΝ.Α,897,0
Α' Θεσσαλονίκης,ΠΡΑΣΙΝΟ ΚΙΝΗΜΑ,845,0
Α' Θεσσαλονίκης,ΕΛΛΗΝΩΝ ΣΥΝΕΛΕΥΣΙΣ,694,748
Α' Θεσσαλονίκης,ΒΟΡΕΙΑ ΛΕΓΚΑ - ΚΡΑΜΑ,618,0
Α' Θεσσαλονίκης,SOCIAL,523,0
Α' Θεσσαλονίκης,ΠΟΛΙΤΙΚΗ ΠΡΩΤΟΒΟΥΛΙΑ,432,0
Α' Θεσσαλονίκης,Ο.Κ.Δ.Ε.,285,198
Α' Θεσσαλονίκης,ΚΟΙΝΩΝΙΑ ΑΞΙΩΝ - ΦΙΛΕΛΕΥΘΕΡΗ ΣΥΜΜΑΧΙΑ,279,0
Α' Θεσσαλονίκης,Μ-Λ ΚΚΕ,158,78
Α' Θεσσαλονίκης,ΟΑΚΚΕ,49,0
Α' Θεσσαλονίκης,ΕΛΛΗΝΙΚΟ ΟΡΑΜΑ,12,0
Α' Θεσσαλονίκης,ΝΕΑ ΔΟΜΗ,0,0
Α' Θεσσαλονίκης,Δημοσθένης Βεργής ΕΛΛΗΝΕΣ ΟΙΚΟΛΟΓΟΙ,0,0
Α' Θεσσαλονίκης,Ανεξάρτητοι,0,39
Α' Θεσσαλονίκης,ΕΓΓΕΓΡΑΜΜΕΝΟΙ,533800,-
Α' Θεσσαλονίκης,ΑΚΥΡΑ,8469,-
Α' Θεσσαλονίκης,ΛΕΥΚΑ,2151,-
Α' Θεσσαλονίκης,ΕΓΚΥΡΑ,330852,-
Α' Θεσσαλονίκης,ΣΥΜΜΕΤΟΧΗ,341472,-
Β' Θεσσαλονίκης,ΝΔ,80377,80327
Β' Θεσσαλονίκης,ΣΥΡΙΖΑ-ΠΣ,30393,46947
Β' Θεσσαλονίκης,ΠΑΣΟΚ-Κίνημα Αλλαγής,20396,12420
Β' Θεσσαλονίκης,ΕΛΛΗΝΙΚΗ ΛΥΣΗ,15917,10555
Β' Θεσσαλονίκης,ΚΚΕ,12441,8603
Β' Θεσσαλονίκης,ΝΙΚΗ,11294,0
Β' Θεσσαλονίκης,ΠΛΕΥΣΗ ΕΛΕΥΘΕΡΙΑΣ-ΖΩΗ ΚΩΝΣΤΑΝΤΟΠΟΥΛΟΥ,7358,3220
Β' Θεσσαλονίκης,ΜέΡΑ25,4921,7577
Β' Θεσσαλονίκης,ΕΘΝΙΚΗ ΔΗΜΙΟΥΡΓΙΑ,2554,2237
Β' Θεσσαλονίκης,ΣΥΜΜΑΧΙΑ ΑΝΑΤΡΟΠΗΣ,1621,0
Β' Θεσσαλονίκης,ΠΝΟΗ ΔΗΜΟΚΡΑΤΙΑΣ,1599,0
Β' Θεσσαλονίκης,Οικολόγοι ΠΡΑΣΙΝΟΙ - ΠΡΑΣΙΝΗ  ΕΝΟΤΗΤΑ,1353,0
Β' Θεσσαλονίκης,ΕΝΩΝΩ ΣΥΜΜΑΧΙΑ ΕΛΕΥΘΕΡΙΑΣ,1196,0
Β' Θεσσαλονίκης,Κίνημα 21,1099,0
Β' Θεσσαλονίκης,ΕΝΩΣΗ ΚΕΝΤΡΩΩΝ,1092,3743
Β' Θεσσαλονίκης,Κ.Ο.Τ.Ε.Σ.,881,0
Β' Θεσσαλονίκης,ΑΝΤ.ΑΡ.ΣΥ.Α.,725,564
Β' Θεσσαλονίκης,ΕΛΕΥΘΕΡΟΙ ΞΑΝΑ,680,0
Β' Θεσσαλονίκης,ΠΡΑΣΙΝΟ ΚΙΝΗΜΑ,664,0
Β' Θεσσαλονίκης,Τ.ΟΛ.ΜΑ,634,0
Β' Θεσσαλονίκης,ΕΑΝ...,567,0
Β' Θεσσαλονίκης,ΕΝΟΤΗΤΑ - ΑΛΗΘΕΙΑ ΕΝ.Α,492,0
Β' Θεσσαλονίκης,SOCIAL,491,0
Β' Θεσσαλονίκης,ΚΚΕ (μ-λ),439,269
Β' Θεσσαλονίκης,ΕΛΛΗΝΩΝ ΣΥΝΕΛΕΥΣΙΣ,402,470
Β' Θεσσαλονίκης,ΠΟΛΙΤΙΚΗ ΠΡΩΤΟΒΟΥΛΙΑ,338,0
Β' Θεσσαλονίκης,ΒΟΡΕΙΑ ΛΕΓΚΑ - ΚΡΑΜΑ,289,0
Β' Θεσσαλονίκης,ΚΟΙΝΩΝΙΑ ΑΞΙΩΝ - ΦΙΛΕΛΕΥΘΕΡΗ ΣΥΜΜΑΧΙΑ,220,0
Β' Θεσσαλονίκης,Μ-Λ ΚΚΕ,87,67
Β' Θεσσαλονίκης,Ο.Κ.Δ.Ε.,65,53
Β' Θεσσαλονίκης,ΟΑΚΚΕ,24,0
Β' Θεσσαλονίκης,ΚΙΝΗΜΑ ΦΤΩΧΩΝ ΕΛΛΑΔΟΣ,0,0
Β' Θεσσαλονίκης,ΕΛΛΗΝΙΚΟ ΟΡΑΜΑ,0,0
Β' Θεσσαλονίκης,ΝΕΑ ΔΟΜΗ,0,0
Β' Θεσσαλονίκης,Δημοσθένης Βεργής ΕΛΛΗΝΕΣ ΟΙΚΟΛΟΓΟΙ,0,0
Β' Θεσσαλονίκης,Ανεξάρτητοι,0,0
Β' Θεσσαλονίκης,ΕΓΓΕΓΡΑΜΜΕΝΟΙ,297980,-
Β' Θεσσαλονίκης,ΑΚΥΡΑ,4307,-
Β' Θεσσαλονίκης,ΛΕΥΚΑ,1154,-
Β' Θεσσαλονίκης,ΕΓΚΥΡΑ,200622,-
Β' Θεσσαλονίκης,ΣΥΜΜΕΤΟΧΗ,206083,-
Σερρών,ΝΔ,52283,53839
Σερρών,ΣΥΡΙΖΑ-ΠΣ,16448,26055
Σερρών,ΠΑΣΟΚ-Κίνημα Αλλαγής,12152,9725
Σερρών,ΕΛΛΗΝΙΚΗ ΛΥΣΗ,7751,6852
Σερρών,ΚΚΕ,5321,3818
Σερρών,ΝΙΚΗ,4564,0
Σερρών,ΠΛΕΥΣΗ ΕΛΕΥΘΕΡΙΑΣ-ΖΩΗ ΚΩΝΣΤΑΝΤΟΠΟΥΛΟΥ,2637,1225
Σερρών,ΜέΡΑ25,2073,3508
Σερρών,ΕΘΝΙΚΗ ΔΗΜΙΟΥΡΓΙΑ,934,882
Σερρών,ΠΝΟΗ ΔΗΜΟΚΡΑΤΙΑΣ,902,0
Σερρών,ΣΥΜΜΑΧΙΑ ΑΝΑΤΡΟΠΗΣ,852,0
Σερρών,Κίνημα 21,684,0
Σερρών,ΕΝΩΝΩ ΣΥΜΜΑΧΙΑ ΕΛΕΥΘΕΡΙΑΣ,616,0
Σερρών,Οικολόγοι ΠΡΑΣΙΝΟΙ - ΠΡΑΣΙΝΗ  ΕΝΟΤΗΤΑ,577,0
Σερρών,ΕΑΝ...,388,0
Σερρών,ΕΝΩΣΗ ΚΕΝΤΡΩΩΝ,363,1370
Σερρών,ΕΛΕΥΘΕΡΟΙ ΞΑΝΑ,361,0
Σερρών,ΚΙΝΗΜΑ ΦΤΩΧΩΝ ΕΛΛΑΔΟΣ,345,0
Σερρών,ΑΝΤ.ΑΡ.ΣΥ.Α.,318,299
Σερρών,Τ.ΟΛ.ΜΑ,313,0
Σερρών,ΕΛΛΗΝΩΝ ΣΥΝΕΛΕΥΣΙΣ,281,361
Σερρών,ΕΝΟΤΗΤΑ - ΑΛΗΘΕΙΑ ΕΝ.Α,266,0
Σερρών,ΠΡΑΣΙΝΟ ΚΙΝΗΜΑ,259,0
Σερρών,ΚΚΕ (μ-λ),171,106
Σερρών,ΒΟΡΕΙΑ ΛΕΓΚΑ - ΚΡΑΜΑ,160,0
Σερρών,ΠΟΛΙΤΙΚΗ ΠΡΩΤΟΒΟΥΛΙΑ,108,0
Σερρών,ΚΟΙΝΩΝΙΑ ΑΞΙΩΝ - ΦΙΛΕΛΕΥΘΕΡΗ ΣΥΜΜΑΧΙΑ,71,0
Σερρών,Μ-Λ ΚΚΕ,41,26
Σερρών,Ο.Κ.Δ.Ε.,34,33
Σερρών,ΟΑΚΚΕ,9,0
Σερρών,ΕΛΛΗΝΙΚΟ ΟΡΑΜΑ,0,0
Σερρών,ΝΕΑ ΔΟΜΗ,0,0
Σερρών,Κ.Ο.Τ.Ε.Σ.,0,0
Σερρών,Δημοσθένης Βεργής ΕΛΛΗΝΕΣ ΟΙΚΟΛΟΓΟΙ,0,0
Σερρών,SOCIAL,0,0
Σερρών,Ανεξάρτητοι,0,0
Σερρών,ΕΓΓΕΓΡΑΜΜΕΝΟΙ,225080,-
Σερρών,ΑΚΥΡΑ,2235,-
Σερρών,ΛΕΥΚΑ,502,-
Σερρών,ΕΓΚΥΡΑ,111289,-
Σερρών,ΣΥΜΜΕΤΟΧΗ,114026,-
Κιλκίς,ΝΔ,22172,23281
Κιλκίς,ΠΑΣΟΚ-Κίνημα Αλλαγής,9469,6163
Κιλκίς,ΣΥΡΙΖΑ-ΠΣ,7450,12765
Κιλκίς,ΕΛΛΗΝΙΚΗ ΛΥΣΗ,3784,2835
Κιλκίς,ΚΚΕ,3518,2777
Κιλκίς,ΝΙΚΗ,2865,0
Κιλκίς,ΠΛΕΥΣΗ ΕΛΕΥΘΕΡΙΑΣ-ΖΩΗ ΚΩΝΣΤΑΝΤΟΠΟΥΛΟΥ,1344,770
Κιλκίς,ΜέΡΑ25,993,1486
Κιλκίς,ΕΘΝΙΚΗ ΔΗΜΙΟΥΡΓΙΑ,456,405
Κιλκίς,ΣΥΜΜΑΧΙΑ ΑΝΑΤΡΟΠΗΣ,329,0
Κιλκίς,ΠΝΟΗ ΔΗΜΟΚΡΑΤΙΑΣ,290,0
Κιλκίς,Κίνημα 21,279,0
Κιλκίς,ΕΝΩΝΩ ΣΥΜΜΑΧΙΑ ΕΛΕΥΘΕΡΙΑΣ,262,0
Κιλκίς,ΕΝΩΣΗ ΚΕΝΤΡΩΩΝ,208,738
Κιλκίς,ΠΡΑΣΙΝΟ ΚΙΝΗΜΑ,191,0
Κιλκίς,ΑΝΤ.ΑΡ.ΣΥ.Α.,164,133
Κιλκίς,Τ.ΟΛ.ΜΑ,151,0
Κιλκίς,ΕΑΝ...,151,0
Κιλκίς,ΕΝΟΤΗΤΑ - ΑΛΗΘΕΙΑ ΕΝ.Α,96,0
Κιλκίς,ΚΚΕ (μ-λ),96,62
Κιλκίς,ΒΟΡΕΙΑ ΛΕΓΚΑ - ΚΡΑΜΑ,84,0
Κιλκίς,ΕΛΛΗΝΩΝ ΣΥΝΕΛΕΥΣΙΣ,80,249
Κιλκίς,ΠΟΛΙΤΙΚΗ ΠΡΩΤΟΒΟΥΛΙΑ,59,0
Κιλκίς,ΚΟΙΝΩΝΙΑ ΑΞΙΩΝ - ΦΙΛΕΛΕΥΘΕΡΗ ΣΥΜΜΑΧΙΑ,42,0
Κιλκίς,Μ-Λ ΚΚΕ,33,38
Κιλκίς,Ο.Κ.Δ.Ε.,29,14
Κιλκίς,ΚΙΝΗΜΑ ΦΤΩΧΩΝ ΕΛΛΑΔΟΣ,0,0
Κιλκίς,ΕΛΛΗΝΙΚΟ ΟΡΑΜΑ,0,0
Κιλκίς,ΟΑΚΚΕ,0,0
Κιλκίς,ΝΕΑ ΔΟΜΗ,0,0
Κιλκίς,ΕΛΕΥΘΕΡΟΙ ΞΑΝΑ,0,0
Κιλκίς,Κ.Ο.Τ.Ε.Σ.,0,0
Κιλκίς,Δημοσθένης Βεργής ΕΛΛΗΝΕΣ ΟΙΚΟΛΟΓΟΙ,0,0
Κιλκίς,SOCIAL,0,0
Κιλκίς,Οικολόγοι ΠΡΑΣΙΝΟΙ - ΠΡΑΣΙΝΗ  ΕΝΟΤΗΤΑ,0,0
Κιλκίς,Ανεξάρτητοι,0,0
Κιλκίς,ΕΓΓΕΓΡΑΜΜΕΝΟΙ,101040,-
Κιλκίς,ΑΚΥΡΑ,931,-
Κιλκίς,ΛΕΥΚΑ,234,-
Κιλκίς,ΕΓΚΥΡΑ,54599,-
Κιλκίς,ΣΥΜΜΕΤΟΧΗ,55764,-
Πέλλας,ΝΔ,36333,36148
Πέλλας,ΣΥΡΙΖΑ-ΠΣ,16831,24375
Πέλλας,ΠΑΣΟΚ-Κίνημα Αλλαγής,11566,7956
Πέλλας,ΕΛΛΗΝΙΚΗ ΛΥΣΗ,6287,4786
Πέλλας,ΝΙΚΗ,5421,0
Πέλλας,ΚΚΕ,3334,2212
Πέλλας,ΠΛΕΥΣΗ ΕΛΕΥΘΕΡΙΑΣ-ΖΩΗ ΚΩΝΣΤΑΝΤΟΠΟΥΛΟΥ,2162,1370
Πέλλας,ΜέΡΑ25,1354,2136
Πέλλας,ΕΘΝΙΚΗ ΔΗΜΙΟΥΡΓΙΑ,698,828
Πέλλας,ΣΥΜΜΑΧΙΑ ΑΝΑΤΡΟΠΗΣ,473,0
Πέλλας,ΕΝΩΝΩ ΣΥΜΜΑΧΙΑ ΕΛΕΥΘΕΡΙΑΣ,434,0
Πέλλας,Κίνημα 21,432,0
Πέλλας,ΠΝΟΗ ΔΗΜΟΚΡΑΤΙΑΣ,414,0
Πέλλας,ΕΝΩΣΗ ΚΕΝΤΡΩΩΝ,386,1317
Πέλλας,ΕΛΛΗΝΩΝ ΣΥΝΕΛΕΥΣΙΣ,375,382
Πέλλας,ΕΛΕΥΘΕΡΟΙ ΞΑΝΑ,375,0
Πέλλας,ΑΝΤ.ΑΡ.ΣΥ.Α.,337,253
Πέλλας,ΠΡΑΣΙΝΟ ΚΙΝΗΜΑ,250,0
Πέλλας,ΕΑΝ...,199,0
Πέλλας,Τ.ΟΛ.ΜΑ,189,0
Πέλλας,ΒΟΡΕΙΑ ΛΕΓΚΑ - ΚΡΑΜΑ,154,0
Πέλλας,ΕΝΟΤΗΤΑ - ΑΛΗΘΕΙΑ ΕΝ.Α,125,0
Πέλλας,ΠΟΛΙΤΙΚΗ ΠΡΩΤΟΒΟΥΛΙΑ,109,0
Πέλλας,ΚΚΕ (μ-λ),105,102
Πέλλας,ΚΟΙΝΩΝΙΑ ΑΞΙΩΝ - ΦΙΛΕΛΕΥΘΕΡΗ ΣΥΜΜΑΧΙΑ,77,0
Πέλλας,Ο.Κ.Δ.Ε.,38,28
Πέλλας,Μ-Λ ΚΚΕ,31,28
Πέλλας,ΟΑΚΚΕ,14,0
Πέλλας,ΚΙΝΗΜΑ ΦΤΩΧΩΝ ΕΛΛΑΔΟΣ,0,0
Πέλλας,ΕΛΛΗΝΙΚΟ ΟΡΑΜΑ,0,0
Πέλλας,ΝΕΑ ΔΟΜΗ,0,0
Πέλλας,Κ.Ο.Τ.Ε.Σ.,0,0
Πέλλας,Δημοσθένης Βεργής ΕΛΛΗΝΕΣ ΟΙΚΟΛΟΓΟΙ,0,0
Πέλλας,SOCIAL,0,0
Πέλλας,Οικολόγοι ΠΡΑΣΙΝΟΙ - ΠΡΑΣΙΝΗ  ΕΝΟΤΗΤΑ,0,0
Πέλλας,Ανεξάρτητοι,0,0
Πέλλας,ΕΓΓΕΓΡΑΜΜΕΝΟΙ,145384,-
Πέλλας,ΑΚΥΡΑ,1666,-
Πέλλας,ΛΕΥΚΑ,380,-
Πέλλας,ΕΓΚΥΡΑ,88499,-
Πέλλας,ΣΥΜΜΕΤΟΧΗ,90545,-
Ημαθίας,ΝΔ,34285,33787
Ημαθίας,ΣΥΡΙΖΑ-ΠΣ,14806,21742
Ημαθίας,ΠΑΣΟΚ-Κίνημα Αλλαγής,9509,6643
Ημαθίας,ΕΛΛΗΝΙΚΗ ΛΥΣΗ,6552,4535
Ημαθίας,ΚΚΕ,4873,3770
Ημαθίας,ΝΙΚΗ,3831,0
Ημαθίας,ΠΛΕΥΣΗ ΕΛΕΥΘΕΡΙΑΣ-ΖΩΗ ΚΩΝΣΤΑΝΤΟΠΟΥΛΟΥ,2372,1382
Ημαθίας,ΜέΡΑ25,1630,2465
Ημαθίας,ΕΘΝΙΚΗ ΔΗΜΙΟΥΡΓΙΑ,646,632
Ημαθίας,Κίνημα 21,596,0
Ημαθίας,ΚΙΝΗΜΑ ΦΤΩΧΩΝ ΕΛΛΑΔΟΣ,586,0
Ημαθίας,ΣΥΜΜΑΧΙΑ ΑΝΑΤΡΟΠΗΣ,581,0
Ημαθίας,ΠΝΟΗ ΔΗΜΟΚΡΑΤΙΑΣ,431,0
Ημαθίας,Οικολόγοι ΠΡΑΣΙΝΟΙ - ΠΡΑΣΙΝΗ  ΕΝΟΤΗΤΑ,429,0
Ημαθίας,ΕΝΩΝΩ ΣΥΜΜΑΧΙΑ ΕΛΕΥΘΕΡΙΑΣ,415,0
Ημαθίας,ΕΑΝ...,342,0
Ημαθίας,ΕΛΕΥΘΕΡΟΙ ΞΑΝΑ,332,0
Ημαθίας,ΕΝΩΣΗ ΚΕΝΤΡΩΩΝ,292,1122
Ημαθίας,ΑΝΤ.ΑΡ.ΣΥ.Α.,269,225
Ημαθίας,ΒΟΡΕΙΑ ΛΕΓΚΑ - ΚΡΑΜΑ,185,0
Ημαθίας,Τ.ΟΛ.ΜΑ,164,0
Ημαθίας,ΕΛΛΗΝΩΝ ΣΥΝΕΛΕΥΣΙΣ,150,302
Ημαθίας,ΕΝΟΤΗΤΑ - ΑΛΗΘΕΙΑ ΕΝ.Α,141,0
Ημαθίας,ΚΚΕ (μ-λ),114,79
Ημαθίας,ΠΡΑΣΙΝΟ ΚΙΝΗΜΑ,119,0
Ημαθίας,Μ-Λ ΚΚΕ,80,55
Ημαθίας,ΠΟΛΙΤΙΚΗ ΠΡΩΤΟΒΟΥΛΙΑ,76,0
Ημαθίας,ΚΟΙΝΩΝΙΑ ΑΞΙΩΝ - ΦΙΛΕΛΕΥΘΕΡΗ ΣΥΜΜΑΧΙΑ,50,0
Ημαθίας,Ο.Κ.Δ.Ε.,29,25
Ημαθίας,ΟΑΚΚΕ,9,0
Ημαθίας,ΕΛΛΗΝΙΚΟ ΟΡΑΜΑ,0,0
Ημαθίας,ΝΕΑ ΔΟΜΗ,0,0
Ημαθίας,Κ.Ο.Τ.Ε.Σ.,0,0
Ημαθίας,Δημοσθένης Βεργής ΕΛΛΗΝΕΣ ΟΙΚΟΛΟΓΟΙ,0,0
Ημαθίας,SOCIAL,0,0
Ημαθίας,Ανεξάρτητοι,0,0
Ημαθίας,ΕΓΓΕΓΡΑΜΜΕΝΟΙ,135000,-
Ημαθίας,ΑΚΥΡΑ,1763,-
Ημαθίας,ΛΕΥΚΑ,370,-
Ημαθίας,ΕΓΚΥΡΑ,83889,-
Ημαθίας,ΣΥΜΜΕΤΟΧΗ,86022,-
Πιερίας,ΝΔ,31913,35775
Πιερίας,ΣΥΡΙΖΑ-ΠΣ,11904,17590
Πιερίας,ΠΑΣΟΚ-Κίνημα Αλλαγής,9664,6424
Πιερίας,ΕΛΛΗΝΙΚΗ ΛΥΣΗ,5870,4318
Πιερίας,ΝΙΚΗ,5796,0
Πιερίας,ΚΚΕ,4035,3000
Πιερίας,ΠΛΕΥΣΗ ΕΛΕΥΘΕΡΙΑΣ-ΖΩΗ ΚΩΝΣΤΑΝΤΟΠΟΥΛΟΥ,1896,1131
Πιερίας,ΜέΡΑ25,1600,2093
Πιερίας,ΕΘΝΙΚΗ ΔΗΜΙΟΥΡΓΙΑ,701,595
Πιερίας,ΣΥΜΜΑΧΙΑ ΑΝΑΤΡΟΠΗΣ,688,0
Πιερίας,Κίνημα 21,506,0
Πιερίας,ΕΝΩΝΩ ΣΥΜΜΑΧΙΑ ΕΛΕΥΘΕΡΙΑΣ,467,0
Πιερίας,Οικολόγοι ΠΡΑΣΙΝΟΙ - ΠΡΑΣΙΝΗ  ΕΝΟΤΗΤΑ,460,0
Πιερίας,ΠΝΟΗ ΔΗΜΟΚΡΑΤΙΑΣ,385,0
Πιερίας,ΕΝΩΣΗ ΚΕΝΤΡΩΩΝ,292,1033
Πιερίας,ΕΛΕΥΘΕΡΟΙ ΞΑΝΑ,287,0
Πιερίας,ΑΝΤ.ΑΡ.ΣΥ.Α.,186,146
Πιερίας,ΕΝΟΤΗΤΑ - ΑΛΗΘΕΙΑ ΕΝ.Α,166,0
Πιερίας,Τ.ΟΛ.ΜΑ,152,0
Πιερίας,ΕΛΛΗΝΩΝ ΣΥΝΕΛΕΥΣΙΣ,141,195
Πιερίας,ΚΚΕ (μ-λ),140,97
Πιερίας,ΒΟΡΕΙΑ ΛΕΓΚΑ - ΚΡΑΜΑ,108,0
Πιερίας,ΠΡΑΣΙΝΟ ΚΙΝΗΜΑ,99,0
Πιερίας,ΠΟΛΙΤΙΚΗ ΠΡΩΤΟΒΟΥΛΙΑ,71,0
Πιερίας,ΚΟΙΝΩΝΙΑ ΑΞΙΩΝ - ΦΙΛΕΛΕΥΘΕΡΗ ΣΥΜΜΑΧΙΑ,52,0
Πιερίας,Μ-Λ ΚΚΕ,45,35
Πιερίας,Ο.Κ.Δ.Ε.,29,13
Πιερίας,ΟΑΚΚΕ,10,0
Πιερίας,ΚΙΝΗΜΑ ΦΤΩΧΩΝ ΕΛΛΑΔΟΣ,0,0
Πιερίας,ΕΛΛΗΝΙΚΟ ΟΡΑΜΑ,0,0
Πιερίας,ΝΕΑ ΔΟΜΗ,0,0
Πιερίας,Κ.Ο.Τ.Ε.Σ.,0,0
Πιερίας,Δημοσθένης Βεργής ΕΛΛΗΝΕΣ ΟΙΚΟΛΟΓΟΙ,0,0
Πιερίας,SOCIAL,0,0
Πιερίας,ΕΑΝ...,0,0
Πιερίας,Ανεξάρτητοι,0,0
Πιερίας,ΕΓΓΕΓΡΑΜΜΕΝΟΙ,131540,-
Πιερίας,ΑΚΥΡΑ,1503,-
Πιερίας,ΛΕΥΚΑ,350,-
Πιερίας,ΕΓΚΥΡΑ,77663,-
Πιερίας,ΣΥΜΜΕΤΟΧΗ,79516,-
Φλώρινας,ΝΔ,12254,12701
Φλώρινας,ΣΥΡΙΖΑ-ΠΣ,7952,11556
Φλώρινας,ΠΑΣΟΚ-Κίνημα Αλλαγής,4216,2031
Φλώρινας,ΚΚΕ,1572,1000
Φλώρινας,ΕΛΛΗΝΙΚΗ ΛΥΣΗ,1515,2367
Φλώρινας,ΝΙΚΗ,1292,0
Φλώρινας,ΜέΡΑ25,751,904
Φλώρινας,ΠΛΕΥΣΗ ΕΛΕΥΘΕΡΙΑΣ-ΖΩΗ ΚΩΝΣΤΑΝΤΟΠΟΥΛΟΥ,660,357
Φλώρινας,ΕΝΩΝΩ ΣΥΜΜΑΧΙΑ ΕΛΕΥΘΕΡΙΑΣ,292,0
Φλώρινας,ΕΘΝΙΚΗ ΔΗΜΙΟΥΡΓΙΑ,265,169
Φλώρινας,ΣΥΜΜΑΧΙΑ ΑΝΑΤΡΟΠΗΣ,172,0
Φλώρινας,ΑΝΤ.ΑΡ.ΣΥ.Α.,156,85
Φλώρινας,Ανεξάρτητοι,155,0
Φλώρινας,ΠΝΟΗ ΔΗΜΟΚΡΑΤΙΑΣ,137,0
Φλώρινας,Κίνημα 21,135,0
Φλώρινας,ΠΡΑΣΙΝΟ ΚΙΝΗΜΑ,109,0
Φλώρινας,ΕΝΩΣΗ ΚΕΝΤΡΩΩΝ,97,359
Φλώρινας,ΕΑΝ...,97,0
Φλώρινας,Τ.ΟΛ.ΜΑ,67,0
Φλώρινας,ΚΚΕ (μ-λ),62,44
Φλώρινας,ΠΟΛΙΤΙΚΗ ΠΡΩΤΟΒΟΥΛΙΑ,43,0
Φλώρινας,ΒΟΡΕΙΑ ΛΕΓΚΑ - ΚΡΑΜΑ,32,0
Φλώρινας,ΕΛΛΗΝΩΝ ΣΥΝΕΛΕΥΣΙΣ,32,0
Φλώρινας,ΟΑΚΚΕ,25,0
Φλώρινας,Ο.Κ.Δ.Ε.,20,13
Φλώρινας,Μ-Λ ΚΚΕ,20,13
Φλώρινας,ΚΟΙΝΩΝΙΑ ΑΞΙΩΝ - ΦΙΛΕΛΕΥΘΕΡΗ ΣΥΜΜΑΧΙΑ,15,0
Φλώρινας,ΚΙΝΗΜΑ ΦΤΩΧΩΝ ΕΛΛΑΔΟΣ,0,0
Φλώρινας,ΕΛΛΗΝΙΚΟ ΟΡΑΜΑ,0,0
Φλώρινας,ΝΕΑ ΔΟΜΗ,0,0
Φλώρινας,ΕΛΕΥΘΕΡΟΙ ΞΑΝΑ,0,0
Φλώρινας,Κ.Ο.Τ.Ε.Σ.,0,0
Φλώρινας,Δημοσθένης Βεργής ΕΛΛΗΝΕΣ ΟΙΚΟΛΟΓΟΙ,0,0
Φλώρινας,SOCIAL,0,0
Φλώρινας,Οικολόγοι ΠΡΑΣΙΝΟΙ - ΠΡΑΣΙΝΗ  ΕΝΟΤΗΤΑ,0,0
Φλώρινας,ΕΝΟΤΗΤΑ - ΑΛΗΘΕΙΑ ΕΝ.Α,0,0
Φλώρινας,ΕΓΓΕΓΡΑΜΜΕΝΟΙ,87268,-
Φλώρινας,ΑΚΥΡΑ,616,-
Φλώρινας,ΛΕΥΚΑ,175,-
Φλώρινας,ΕΓΚΥΡΑ,32145,-
Φλώρινας,ΣΥΜΜΕΤΟΧΗ,32935,-
Κοζάνης,ΝΔ,35994,35891
Κοζάνης,ΣΥΡΙΖΑ-ΠΣ,19323,28606
Κοζάνης,ΠΑΣΟΚ-Κίνημα Αλλαγής,12307,9387
Κοζάνης,ΚΚΕ,5709,4225
Κοζάνης,ΝΙΚΗ,4559,0
Κοζάνης,ΕΛΛΗΝΙΚΗ ΛΥΣΗ,4178,3656
Κοζάνης,ΜέΡΑ25,2102,2700
Κοζάνης,ΠΛΕΥΣΗ ΕΛΕΥΘΕΡΙΑΣ-ΖΩΗ ΚΩΝΣΤΑΝΤΟΠΟΥΛΟΥ,2099,1264
Κοζάνης,ΕΝΩΝΩ ΣΥΜΜΑΧΙΑ ΕΛΕΥΘΕΡΙΑΣ,912,0
Κοζάνης,ΕΘΝΙΚΗ ΔΗΜΙΟΥΡΓΙΑ,699,672
Κοζάνης,Κίνημα 21,669,0
Κοζάνης,ΣΥΜΜΑΧΙΑ ΑΝΑΤΡΟΠΗΣ,644,0
Κοζάνης,Οικολόγοι ΠΡΑΣΙΝΟΙ - ΠΡΑΣΙΝΗ  ΕΝΟΤΗΤΑ,531,0
Κοζάνης,ΕΝΩΣΗ ΚΕΝΤΡΩΩΝ,412,1305
Κοζάνης,ΠΝΟΗ ΔΗΜΟΚΡΑΤΙΑΣ,392,0
Κοζάνης,ΑΝΤ.ΑΡ.ΣΥ.Α.,369,315
Κοζάνης,ΕΛΕΥΘΕΡΟΙ ΞΑΝΑ,342,0
Κοζάνης,ΕΛΛΗΝΩΝ ΣΥΝΕΛΕΥΣΙΣ,314,374
Κοζάνης,Τ.ΟΛ.ΜΑ,261,0
Κοζάνης,ΚΚΕ (μ-λ),230,141
Κοζάνης,ΠΡΑΣΙΝΟ ΚΙΝΗΜΑ,224,0
Κοζάνης,ΕΑΝ...,216,0
Κοζάνης,ΕΝΟΤΗΤΑ - ΑΛΗΘΕΙΑ ΕΝ.Α,188,0
Κοζάνης,ΒΟΡΕΙΑ ΛΕΓΚΑ - ΚΡΑΜΑ,182,0
Κοζάνης,ΠΟΛΙΤΙΚΗ ΠΡΩΤΟΒΟΥΛΙΑ,133,0
Κοζάνης,ΚΟΙΝΩΝΙΑ ΑΞΙΩΝ - ΦΙΛΕΛΕΥΘΕΡΗ ΣΥΜΜΑΧΙΑ,75,0
Κοζάνης,Μ-Λ ΚΚΕ,47,30
Κοζάνης,Ο.Κ.Δ.Ε.,46,27
Κοζάνης,ΟΑΚΚΕ,15,0
Κοζάνης,ΚΙΝΗΜΑ ΦΤΩΧΩΝ ΕΛΛΑΔΟΣ,0,0
Κοζάνης,ΕΛΛΗΝΙΚΟ ΟΡΑΜΑ,0,0
Κοζάνης,ΝΕΑ ΔΟΜΗ,0,0
Κοζάνης,Κ.Ο.Τ.Ε.Σ.,0,0
Κοζάνης,Δημοσθένης Βεργής ΕΛΛΗΝΕΣ ΟΙΚΟΛΟΓΟΙ,0,0
Κοζάνης,SOCIAL,0,0
Κοζάνης,Ανεξάρτητοι,0,0
Κοζάνης,ΕΓΓΕΓΡΑΜΜΕΝΟΙ,160561,-
Κοζάνης,ΑΚΥΡΑ,1611,-
Κοζάνης,ΛΕΥΚΑ,563,-
Κοζάνης,ΕΓΚΥΡΑ,93167,-
Κοζάνης,ΣΥΜΜΕΤΟΧΗ,95341,-
Καστοριάς,ΝΔ,14169,15452
Καστοριάς,ΣΥΡΙΖΑ-ΠΣ,6352,8338
Καστοριάς,ΠΑΣΟΚ-Κίνημα Αλλαγής,2604,2155
Καστοριάς,ΕΛΛΗΝΙΚΗ ΛΥΣΗ,1530,839
Καστοριάς,ΝΙΚΗ,1182,0
Καστοριάς,ΚΚΕ,1154,777
Καστοριάς,ΜέΡΑ25,759,918
Καστοριάς,ΠΛΕΥΣΗ ΕΛΕΥΘΕΡΙΑΣ-ΖΩΗ ΚΩΝΣΤΑΝΤΟΠΟΥΛΟΥ,655,312
Καστοριάς,ΕΘΝΙΚΗ ΔΗΜΙΟΥΡΓΙΑ,349,296
Καστοριάς,ΣΥΜΜΑΧΙΑ ΑΝΑΤΡΟΠΗΣ,263,0
Καστοριάς,ΠΝΟΗ ΔΗΜΟΚΡΑΤΙΑΣ,235,0
Καστοριάς,Κίνημα 21,179,0
Καστοριάς,ΕΛΛΗΝΩΝ ΣΥΝΕΛΕΥΣΙΣ,146,116
Καστοριάς,ΕΝΩΣΗ ΚΕΝΤΡΩΩΝ,144,337
Καστοριάς,ΕΑΝ...,98,0
Καστοριάς,ΑΝΤ.ΑΡ.ΣΥ.Α.,88,67
Καστοριάς,ΠΡΑΣΙΝΟ ΚΙΝΗΜΑ,82,0
Καστοριάς,Τ.ΟΛ.ΜΑ,66,0
Καστοριάς,ΠΟΛΙΤΙΚΗ ΠΡΩΤΟΒΟΥΛΙΑ,41,0
Καστοριάς,ΒΟΡΕΙΑ ΛΕΓΚΑ - ΚΡΑΜΑ,38,0
Καστοριάς,ΚΟΙΝΩΝΙΑ ΑΞΙΩΝ - ΦΙΛΕΛΕΥΘΕΡΗ ΣΥΜΜΑΧΙΑ,34,0
Καστοριάς,Ο.Κ.Δ.Ε.,31,7
Καστοριάς,ΚΚΕ (μ-λ),31,15
Καστοριάς,Μ-Λ ΚΚΕ,23,10
Καστοριάς,ΕΝΩΝΩ ΣΥΜΜΑΧΙΑ ΕΛΕΥΘΕΡΙΑΣ,0,0
Καστοριάς,ΚΙΝΗΜΑ ΦΤΩΧΩΝ ΕΛΛΑΔΟΣ,0,0
Καστοριάς,ΕΛΛΗΝΙΚΟ ΟΡΑΜΑ,0,0
Καστοριάς,ΟΑΚΚΕ,0,0
Καστοριάς,ΝΕΑ ΔΟΜΗ,0,0
Καστοριάς,ΕΛΕΥΘΕΡΟΙ ΞΑΝΑ,0,0
Καστοριάς,Κ.Ο.Τ.Ε.Σ.,0,0
Καστοριάς,Δημοσθένης Βεργής ΕΛΛΗΝΕΣ ΟΙΚΟΛΟΓΟΙ,0,0
Καστοριάς,SOCIAL,0,0
Καστοριάς,Οικολόγοι ΠΡΑΣΙΝΟΙ - ΠΡΑΣΙΝΗ  ΕΝΟΤΗΤΑ,0,0
Καστοριάς,ΕΝΟΤΗΤΑ - ΑΛΗΘΕΙΑ ΕΝ.Α,0,0
Καστοριάς,Ανεξάρτητοι,0,0
Καστοριάς,ΕΓΓΕΓΡΑΜΜΕΝΟΙ,61829,-
Καστοριάς,ΑΚΥΡΑ,565,-
Καστοριάς,ΛΕΥΚΑ,202,-
Καστοριάς,ΕΓΚΥΡΑ,30250,-
Καστοριάς,ΣΥΜΜΕΤΟΧΗ,31020,-
Γρεβενών,ΝΔ,9610,9701
Γρεβενών,ΣΥΡΙΖΑ-ΠΣ,4738,6628
Γρεβενών,ΠΑΣΟΚ-Κίνημα Αλλαγής,2813,2224
Γρεβενών,ΚΚΕ,1493,1308
Γρεβενών,ΕΛΛΗΝΙΚΗ ΛΥΣΗ,632,615
Γρεβενών,ΝΙΚΗ,542,0
Γρεβενών,ΠΛΕΥΣΗ ΕΛΕΥΘΕΡΙΑΣ-ΖΩΗ ΚΩΝΣΤΑΝΤΟΠΟΥΛΟΥ,360,189
Γρεβενών,ΜέΡΑ25,329,522
Γρεβενών,ΕΝΩΝΩ ΣΥΜΜΑΧΙΑ ΕΛΕΥΘΕΡΙΑΣ,176,0
Γρεβενών,ΕΘΝΙΚΗ ΔΗΜΙΟΥΡΓΙΑ,173,221
Γρεβενών,ΣΥΜΜΑΧΙΑ ΑΝΑΤΡΟΠΗΣ,118,0
Γρεβενών,Κίνημα 21,114,0
Γρεβενών,ΑΝΤ.ΑΡ.ΣΥ.Α.,95,96
Γρεβενών,Οικολόγοι ΠΡΑΣΙΝΟΙ - ΠΡΑΣΙΝΗ  ΕΝΟΤΗΤΑ,88,0
Γρεβενών,ΠΝΟΗ ΔΗΜΟΚΡΑΤΙΑΣ,77,0
Γρεβενών,ΕΝΟΤΗΤΑ - ΑΛΗΘΕΙΑ ΕΝ.Α,71,0
Γρεβενών,ΕΝΩΣΗ ΚΕΝΤΡΩΩΝ,41,223
Γρεβενών,Τ.ΟΛ.ΜΑ,33,0
Γρεβενών,ΠΡΑΣΙΝΟ ΚΙΝΗΜΑ,34,0
Γρεβενών,ΒΟΡΕΙΑ ΛΕΓΚΑ - ΚΡΑΜΑ,34,0
Γρεβενών,ΕΛΛΗΝΩΝ ΣΥΝΕΛΕΥΣΙΣ,33,26
Γρεβενών,ΠΟΛΙΤΙΚΗ ΠΡΩΤΟΒΟΥΛΙΑ,33,0
Γρεβενών,ΚΚΕ (μ-λ),31,28
Γρεβενών,Ο.Κ.Δ.Ε.,7,5
Γρεβενών,ΚΟΙΝΩΝΙΑ ΑΞΙΩΝ - ΦΙΛΕΛΕΥΘΕΡΗ ΣΥΜΜΑΧΙΑ,7,0
Γρεβενών,Μ-Λ ΚΚΕ,7,15
Γρεβενών,ΚΙΝΗΜΑ ΦΤΩΧΩΝ ΕΛΛΑΔΟΣ,0,0
Γρεβενών,ΕΛΛΗΝΙΚΟ ΟΡΑΜΑ,0,0
Γρεβενών,ΟΑΚΚΕ,0,0
Γρεβενών,ΝΕΑ ΔΟΜΗ,0,0
Γρεβενών,ΕΛΕΥΘΕΡΟΙ ΞΑΝΑ,0,0
Γρεβενών,Κ.Ο.Τ.Ε.Σ.,0,0
Γρεβενών,Δημοσθένης Βεργής ΕΛΛΗΝΕΣ ΟΙΚΟΛΟΓΟΙ,0,0
Γρεβενών,SOCIAL,0,0
Γρεβενών,ΕΑΝ...,0,0
Γρεβενών,Ανεξάρτητοι,0,2
Γρεβενών,ΕΓΓΕΓΡΑΜΜΕΝΟΙ,40192,-
Γρεβενών,ΑΚΥΡΑ,316,-
Γρεβενών,ΛΕΥΚΑ,99,-
Γρεβενών,ΕΓΚΥΡΑ,21690,-
Γρεβενών,ΣΥΜΜΕΤΟΧΗ,22106,-
Ιωαννίνων,ΝΔ,37537,36538
Ιωαννίνων,ΣΥΡΙΖΑ-ΠΣ,24107,35451
Ιωαννίνων,ΠΑΣΟΚ-Κίνημα Αλλαγής,14356,9310
Ιωαννίνων,ΚΚΕ,7074,4872
Ιωαννίνων,ΕΛΛΗΝΙΚΗ ΛΥΣΗ,2922,2285
Ιωαννίνων,ΝΙΚΗ,2457,0
Ιωαννίνων,ΜέΡΑ25,2129,2721
Ιωαννίνων,ΠΛΕΥΣΗ ΕΛΕΥΘΕΡΙΑΣ-ΖΩΗ ΚΩΝΣΤΑΝΤΟΠΟΥΛΟΥ,1723,992
Ιωαννίνων,ΕΝΩΝΩ ΣΥΜΜΑΧΙΑ ΕΛΕΥΘΕΡΙΑΣ,845,0
Ιωαννίνων,ΕΘΝΙΚΗ ΔΗΜΙΟΥΡΓΙΑ,699,617
Ιωαννίνων,ΑΝΤ.ΑΡ.ΣΥ.Α.,700,527
Ιωαννίνων,ΣΥΜΜΑΧΙΑ ΑΝΑΤΡΟΠΗΣ,622,0
Ιωαννίνων,Κίνημα 21,550,0
Ιωαννίνων,ΚΚΕ (μ-λ),536,549
Ιωαννίνων,Οικολόγοι ΠΡΑΣΙΝΟΙ - ΠΡΑΣΙΝΗ  ΕΝΟΤΗΤΑ,451,0
Ιωαννίνων,Κ.Ο.Τ.Ε.Σ.,310,0
Ιωαννίνων,ΕΝΩΣΗ ΚΕΝΤΡΩΩΝ,278,892
Ιωαννίνων,ΠΝΟΗ ΔΗΜΟΚΡΑΤΙΑΣ,255,0
Ιωαννίνων,ΕΛΕΥΘΕΡΟΙ ΞΑΝΑ,253,0
Ιωαννίνων,ΕΛΛΗΝΩΝ ΣΥΝΕΛΕΥΣΙΣ,216,217
Ιωαννίνων,ΕΑΝ...,167,0
Ιωαννίνων,ΕΝΟΤΗΤΑ - ΑΛΗΘΕΙΑ ΕΝ.Α,167,0
Ιωαννίνων,ΠΡΑΣΙΝΟ ΚΙΝΗΜΑ,146,0
Ιωαννίνων,Τ.ΟΛ.ΜΑ,138,0
Ιωαννίνων,Μ-Λ ΚΚΕ,114,107
Ιωαννίνων,ΠΟΛΙΤΙΚΗ ΠΡΩΤΟΒΟΥΛΙΑ,57,0
Ιωαννίνων,ΚΟΙΝΩΝΙΑ ΑΞΙΩΝ - ΦΙΛΕΛΕΥΘΕΡΗ ΣΥΜΜΑΧΙΑ,53,0
Ιωαννίνων,Ο.Κ.Δ.Ε.,50,46
Ιωαννίνων,ΒΟΡΕΙΑ ΛΕΓΚΑ - ΚΡΑΜΑ,25,0
Ιωαννίνων,ΟΑΚΚΕ,20,0
Ιωαννίνων,ΚΙΝΗΜΑ ΦΤΩΧΩΝ ΕΛΛΑΔΟΣ,0,0
Ιωαννίνων,ΕΛΛΗΝΙΚΟ ΟΡΑΜΑ,0,0
Ιωαννίνων,ΝΕΑ ΔΟΜΗ,0,0
Ιωαννίνων,Δημοσθένης Βεργής ΕΛΛΗΝΕΣ ΟΙΚΟΛΟΓΟΙ,0,0
Ιωαννίνων,SOCIAL,0,0
Ιωαννίνων,Ανεξάρτητοι,0,0
Ιωαννίνων,ΕΓΓΕΓΡΑΜΜΕΝΟΙ,171384,-
Ιωαννίνων,ΑΚΥΡΑ,1794,-
Ιωαννίνων,ΛΕΥΚΑ,588,-
Ιωαννίνων,ΕΓΚΥΡΑ,98958,-
Ιωαννίνων,ΣΥΜΜΕΤΟΧΗ,101339,-
Άρτας,ΝΔ,17325,18953
Άρτας,ΣΥΡΙΖΑ-ΠΣ,15013,19411
Άρτας,ΠΑΣΟΚ-Κίνημα Αλλαγής,5184,4103
Άρτας,ΚΚΕ,3546,2350
Άρτας,ΜέΡΑ25,1146,963
Άρτας,ΕΛΛΗΝΙΚΗ ΛΥΣΗ,1141,694
Άρτας,ΝΙΚΗ,905,0
Άρτας,ΠΛΕΥΣΗ ΕΛΕΥΘΕΡΙΑΣ-ΖΩΗ ΚΩΝΣΤΑΝΤΟΠΟΥΛΟΥ,709,320
Άρτας,ΕΝΩΝΩ ΣΥΜΜΑΧΙΑ ΕΛΕΥΘΕΡΙΑΣ,384,0
Άρτας,Κίνημα 21,246,0
Άρτας,ΑΝΤ.ΑΡ.ΣΥ.Α.,242,161
Άρτας,ΣΥΜΜΑΧΙΑ ΑΝΑΤΡΟΠΗΣ,216,0
Άρτας,ΕΘΝΙΚΗ ΔΗΜΙΟΥΡΓΙΑ,212,139
Άρτας,ΚΚΕ (μ-λ),138,115
Άρτας,ΠΝΟΗ ΔΗΜΟΚΡΑΤΙΑΣ,139,0
Άρτας,ΠΡΑΣΙΝΟ ΚΙΝΗΜΑ,132,0
Άρτας,ΕΝΩΣΗ ΚΕΝΤΡΩΩΝ,124,274
Άρτας,ΕΑΝ...,116,0
Άρτας,ΕΝΟΤΗΤΑ - ΑΛΗΘΕΙΑ ΕΝ.Α,95,0
Άρτας,Τ.ΟΛ.ΜΑ,73,0
Άρτας,ΕΛΛΗΝΩΝ ΣΥΝΕΛΕΥΣΙΣ,66,78
Άρτας,Μ-Λ ΚΚΕ,52,37
Άρτας,ΚΟΙΝΩΝΙΑ ΑΞΙΩΝ - ΦΙΛΕΛΕΥΘΕΡΗ ΣΥΜΜΑΧΙΑ,30,0
Άρτας,ΒΟΡΕΙΑ ΛΕΓΚΑ - ΚΡΑΜΑ,27,0
Άρτας,Ο.Κ.Δ.Ε.,19,13
Άρτας,ΟΑΚΚΕ,4,0
Άρτας,ΚΙΝΗΜΑ ΦΤΩΧΩΝ ΕΛΛΑΔΟΣ,0,0
Άρτας,ΕΛΛΗΝΙΚΟ ΟΡΑΜΑ,0,0
Άρτας,ΝΕΑ ΔΟΜΗ,0,0
Άρτας,ΠΟΛΙΤΙΚΗ ΠΡΩΤΟΒΟΥΛΙΑ,0,0
Άρτας,ΕΛΕΥΘΕΡΟΙ ΞΑΝΑ,0,0
Άρτας,Κ.Ο.Τ.Ε.Σ.,0,0
Άρτας,Δημοσθένης Βεργής ΕΛΛΗΝΕΣ ΟΙΚΟΛΟΓΟΙ,0,0
Άρτας,SOCIAL,0,0
Άρτας,Οικολόγοι ΠΡΑΣΙΝΟΙ - ΠΡΑΣΙΝΗ  ΕΝΟΤΗΤΑ,0,0
Άρτας,Ανεξάρτητοι,0,0
Άρτας,ΕΓΓΕΓΡΑΜΜΕΝΟΙ,78047,-
Άρτας,ΑΚΥΡΑ,788,-
Άρτας,ΛΕΥΚΑ,242,-
Άρτας,ΕΓΚΥΡΑ,47285,-
Άρτας,ΣΥΜΜΕΤΟΧΗ,48319,-
Θεσπρωτίας,ΝΔ,12803,12579
Θεσπρωτίας,ΣΥΡΙΖΑ-ΠΣ,6804,9643
Θεσπρωτίας,ΠΑΣΟΚ-Κίνημα Αλλαγής,4433,4061
Θεσπρωτίας,ΚΚΕ,1649,1139
Θεσπρωτίας,ΕΛΛΗΝΙΚΗ ΛΥΣΗ,774,552
Θεσπρωτίας,ΜέΡΑ25,542,764
Θεσπρωτίας,ΝΙΚΗ,527,0
Θεσπρωτίας,ΠΛΕΥΣΗ ΕΛΕΥΘΕΡΙΑΣ-ΖΩΗ ΚΩΝΣΤΑΝΤΟΠΟΥΛΟΥ,519,243
Θεσπρωτίας,ΣΥΜΜΑΧΙΑ ΑΝΑΤΡΟΠΗΣ,286,0
Θεσπρωτίας,ΕΘΝΙΚΗ ΔΗΜΙΟΥΡΓΙΑ,232,227
Θεσπρωτίας,ΑΝΤ.ΑΡ.ΣΥ.Α.,226,138
Θεσπρωτίας,ΚΚΕ (μ-λ),215,131
Θεσπρωτίας,Κίνημα 21,215,0
Θεσπρωτίας,ΕΝΩΝΩ ΣΥΜΜΑΧΙΑ ΕΛΕΥΘΕΡΙΑΣ,162,0
Θεσπρωτίας,ΕΛΛΗΝΩΝ ΣΥΝΕΛΕΥΣΙΣ,118,104
Θεσπρωτίας,ΠΝΟΗ ΔΗΜΟΚΡΑΤΙΑΣ,100,0
Θεσπρωτίας,Μ-Λ ΚΚΕ,95,84
Θεσπρωτίας,ΠΡΑΣΙΝΟ ΚΙΝΗΜΑ,78,0
Θεσπρωτίας,ΕΝΩΣΗ ΚΕΝΤΡΩΩΝ,70,162
Θεσπρωτίας,Τ.ΟΛ.ΜΑ,48,0
Θεσπρωτίας,ΟΑΚΚΕ,32,0
Θεσπρωτίας,ΠΟΛΙΤΙΚΗ ΠΡΩΤΟΒΟΥΛΙΑ,30,0
Θεσπρωτίας,ΚΟΙΝΩΝΙΑ ΑΞΙΩΝ - ΦΙΛΕΛΕΥΘΕΡΗ ΣΥΜΜΑΧΙΑ,23,0
Θεσπρωτίας,Ο.Κ.Δ.Ε.,22,18
Θεσπρωτίας,ΒΟΡΕΙΑ ΛΕΓΚΑ - ΚΡΑΜΑ,10,0
Θεσπρωτίας,ΚΙΝΗΜΑ ΦΤΩΧΩΝ ΕΛΛΑΔΟΣ,0,0
Θεσπρωτίας,ΕΛΛΗΝΙΚΟ ΟΡΑΜΑ,0,0
Θεσπρωτίας,ΝΕΑ ΔΟΜΗ,0,0
Θεσπρωτίας,ΕΛΕΥΘΕΡΟΙ ΞΑΝΑ,0,0
Θεσπρωτίας,Κ.Ο.Τ.Ε.Σ.,0,0
Θεσπρωτίας,Δημοσθένης Βεργής ΕΛΛΗΝΕΣ ΟΙΚΟΛΟΓΟΙ,0,0
Θεσπρωτίας,SOCIAL,0,0
Θεσπρωτίας,Οικολόγοι ΠΡΑΣΙΝΟΙ - ΠΡΑΣΙΝΗ  ΕΝΟΤΗΤΑ,0,0
Θεσπρωτίας,ΕΑΝ...,0,0
Θεσπρωτίας,ΕΝΟΤΗΤΑ - ΑΛΗΘΕΙΑ ΕΝ.Α,0,0
Θεσπρωτίας,Ανεξάρτητοι,0,0
Θεσπρωτίας,ΕΓΓΕΓΡΑΜΜΕΝΟΙ,62126,-
Θεσπρωτίας,ΑΚΥΡΑ,701,-
Θεσπρωτίας,ΛΕΥΚΑ,151,-
Θεσπρωτίας,ΕΓΚΥΡΑ,30012,-
Θεσπρωτίας,ΣΥΜΜΕΤΟΧΗ,30864,-
Πρέβεζας,ΝΔ,16016,16864
Πρέβεζας,ΣΥΡΙΖΑ-ΠΣ,8898,13337
Πρέβεζας,ΠΑΣΟΚ-Κίνημα Αλλαγής,5274,3199
Πρέβεζας,ΚΚΕ,2807,2130
Πρέβεζας,ΕΛΛΗΝΙΚΗ ΛΥΣΗ,890,538
Πρέβεζας,ΜέΡΑ25,686,803
Πρέβεζας,ΠΛΕΥΣΗ ΕΛΕΥΘΕΡΙΑΣ-ΖΩΗ ΚΩΝΣΤΑΝΤΟΠΟΥΛΟΥ,583,303
Πρέβεζας,ΕΝΩΝΩ ΣΥΜΜΑΧΙΑ ΕΛΕΥΘΕΡΙΑΣ,526,0
Πρέβεζας,ΝΙΚΗ,474,0
Πρέβεζας,ΑΝΤ.ΑΡ.ΣΥ.Α.,262,161
Πρέβεζας,ΕΘΝΙΚΗ ΔΗΜΙΟΥΡΓΙΑ,257,174
Πρέβεζας,ΣΥΜΜΑΧΙΑ ΑΝΑΤΡΟΠΗΣ,250,0
Πρέβεζας,Κίνημα 21,182,0
Πρέβεζας,ΠΡΑΣΙΝΟ ΚΙΝΗΜΑ,147,0
Πρέβεζας,ΕΝΟΤΗΤΑ - ΑΛΗΘΕΙΑ ΕΝ.Α,131,0
Πρέβεζας,ΕΛΕΥΘΕΡΟΙ ΞΑΝΑ,113,0
Πρέβεζας,ΠΝΟΗ ΔΗΜΟΚΡΑΤΙΑΣ,106,0
Πρέβεζας,ΕΝΩΣΗ ΚΕΝΤΡΩΩΝ,87,243
Πρέβεζας,ΕΛΛΗΝΩΝ ΣΥΝΕΛΕΥΣΙΣ,85,117
Πρέβεζας,ΚΚΕ (μ-λ),45,30
Πρέβεζας,Τ.ΟΛ.ΜΑ,39,0
Πρέβεζας,Ο.Κ.Δ.Ε.,25,20
Πρέβεζας,ΚΟΙΝΩΝΙΑ ΑΞΙΩΝ - ΦΙΛΕΛΕΥΘΕΡΗ ΣΥΜΜΑΧΙΑ,25,0
Πρέβεζας,Μ-Λ ΚΚΕ,26,46
Πρέβεζας,ΒΟΡΕΙΑ ΛΕΓΚΑ - ΚΡΑΜΑ,21,0
Πρέβεζας,ΟΑΚΚΕ,8,0
Πρέβεζας,ΚΙΝΗΜΑ ΦΤΩΧΩΝ ΕΛΛΑΔΟΣ,0,0
Πρέβεζας,ΕΛΛΗΝΙΚΟ ΟΡΑΜΑ,0,0
Πρέβεζας,ΝΕΑ ΔΟΜΗ,0,0
Πρέβεζας,ΠΟΛΙΤΙΚΗ ΠΡΩΤΟΒΟΥΛΙΑ,0,0
Πρέβεζας,Κ.Ο.Τ.Ε.Σ.,0,0
Πρέβεζας,Δημοσθένης Βεργής ΕΛΛΗΝΕΣ ΟΙΚΟΛΟΓΟΙ,0,0
Πρέβεζας,SOCIAL,0,0
Πρέβεζας,Οικολόγοι ΠΡΑΣΙΝΟΙ - ΠΡΑΣΙΝΗ  ΕΝΟΤΗΤΑ,0,0
Πρέβεζας,ΕΑΝ...,0,0
Πρέβεζας,Ανεξάρτητοι,0,0
Πρέβεζας,ΕΓΓΕΓΡΑΜΜΕΝΟΙ,66050,-
Πρέβεζας,ΑΚΥΡΑ,649,-
Πρέβεζας,ΛΕΥΚΑ,233,-
Πρέβεζας,ΕΓΚΥΡΑ,37962,-
Πρέβεζας,ΣΥΜΜΕΤΟΧΗ,38844,-
Λάρισας,ΝΔ,66059,61468
Λάρισας,ΣΥΡΙΖΑ-ΠΣ,32563,48884
Λάρισας,ΠΑΣΟΚ-Κίνημα Αλλαγής,19560,13742
Λάρισας,ΚΚΕ,14122,9772
Λάρισας,ΕΛΛΗΝΙΚΗ ΛΥΣΗ,6608,6794
Λάρισας,ΝΙΚΗ,5430,0
Λάρισας,ΜέΡΑ25,4100,4398
Λάρισας,ΠΛΕΥΣΗ ΕΛΕΥΘΕΡΙΑΣ-ΖΩΗ ΚΩΝΣΤΑΝΤΟΠΟΥΛΟΥ,3495,1860
Λάρισας,ΕΘΝΙΚΗ ΔΗΜΙΟΥΡΓΙΑ,1578,897
Λάρισας,ΣΥΜΜΑΧΙΑ ΑΝΑΤΡΟΠΗΣ,1247,0
Λάρισας,Κίνημα 21,1069,0
Λάρισας,Οικολόγοι ΠΡΑΣΙΝΟΙ - ΠΡΑΣΙΝΗ  ΕΝΟΤΗΤΑ,981,0
Λάρισας,ΕΑΝ...,771,0
Λάρισας,ΠΝΟΗ ΔΗΜΟΚΡΑΤΙΑΣ,721,0
Λάρισας,ΑΝΤ.ΑΡ.ΣΥ.Α.,720,517
Λάρισας,ΕΛΕΥΘΕΡΟΙ ΞΑΝΑ,645,0
Λάρισας,ΕΝΩΝΩ ΣΥΜΜΑΧΙΑ ΕΛΕΥΘΕΡΙΑΣ,585,0
Λάρισας,ΕΝΟΤΗΤΑ - ΑΛΗΘΕΙΑ ΕΝ.Α,561,0
Λάρισας,Κ.Ο.Τ.Ε.Σ.,556,0
Λάρισας,ΕΝΩΣΗ ΚΕΝΤΡΩΩΝ,503,1801
Λάρισας,ΕΛΛΗΝΩΝ ΣΥΝΕΛΕΥΣΙΣ,487,504
Λάρισας,ΚΚΕ (μ-λ),436,196
Λάρισας,Τ.ΟΛ.ΜΑ,425,0
Λάρισας,ΠΡΑΣΙΝΟ ΚΙΝΗΜΑ,359,0
Λάρισας,ΚΟΙΝΩΝΙΑ ΑΞΙΩΝ - ΦΙΛΕΛΕΥΘΕΡΗ ΣΥΜΜΑΧΙΑ,176,0
Λάρισας,ΠΟΛΙΤΙΚΗ ΠΡΩΤΟΒΟΥΛΙΑ,157,0
Λάρισας,ΒΟΡΕΙΑ ΛΕΓΚΑ - ΚΡΑΜΑ,109,0
Λάρισας,Μ-Λ ΚΚΕ,66,64
Λάρισας,ΝΕΑ ΔΟΜΗ,41,0
Λάρισας,ΟΑΚΚΕ,33,0
Λάρισας,Ο.Κ.Δ.Ε.,26,18
Λάρισας,ΚΙΝΗΜΑ ΦΤΩΧΩΝ ΕΛΛΑΔΟΣ,0,0
Λάρισας,ΕΛΛΗΝΙΚΟ ΟΡΑΜΑ,0,0
Λάρισας,Δημοσθένης Βεργής ΕΛΛΗΝΕΣ ΟΙΚΟΛΟΓΟΙ,0,0
Λάρισας,SOCIAL,0,0
Λάρισας,Ανεξάρτητοι,0,209
Λάρισας,ΕΓΓΕΓΡΑΜΜΕΝΟΙ,251737,-
Λάρισας,ΑΚΥΡΑ,3487,-
Λάρισας,ΛΕΥΚΑ,758,-
Λάρισας,ΕΓΚΥΡΑ,164193,-
Λάρισας,ΣΥΜΜΕΤΟΧΗ,168437,-
Μαγνησίας,ΝΔ,47239,41334
Μαγνησίας,ΣΥΡΙΖΑ-ΠΣ,20847,34298
Μαγνησίας,ΠΑΣΟΚ-Κίνημα Αλλαγής,8779,7020
Μαγνησίας,ΚΚΕ,7820,5680
Μαγνησίας,ΕΛΛΗΝΙΚΗ ΛΥΣΗ,4477,4623
Μαγνησίας,ΠΛΕΥΣΗ ΕΛΕΥΘΕΡΙΑΣ-ΖΩΗ ΚΩΝΣΤΑΝΤΟΠΟΥΛΟΥ,3841,1592
Μαγνησίας,ΝΙΚΗ,3392,0
Μαγνησίας,ΜέΡΑ25,3048,4033
Μαγνησίας,ΣΥΜΜΑΧΙΑ ΑΝΑΤΡΟΠΗΣ,1399,0
Μαγνησίας,ΕΛΕΥΘΕΡΟΙ ΞΑΝΑ,891,0
Μαγνησίας,ΕΘΝΙΚΗ ΔΗΜΙΟΥΡΓΙΑ,779,733
Μαγνησίας,Κίνημα 21,693,0
Μαγνησίας,Οικολόγοι ΠΡΑΣΙΝΟΙ - ΠΡΑΣΙΝΗ  ΕΝΟΤΗΤΑ,648,0
Μαγνησίας,ΕΝΩΝΩ ΣΥΜΜΑΧΙΑ ΕΛΕΥΘΕΡΙΑΣ,576,0
Μαγνησίας,ΚΙΝΗΜΑ ΦΤΩΧΩΝ ΕΛΛΑΔΟΣ,571,0
Μαγνησίας,ΑΝΤ.ΑΡ.ΣΥ.Α.,545,446
Μαγνησίας,ΠΡΑΣΙΝΟ ΚΙΝΗΜΑ,431,0
Μαγνησίας,ΠΝΟΗ ΔΗΜΟΚΡΑΤΙΑΣ,380,0
Μαγνησίας,ΕΝΩΣΗ ΚΕΝΤΡΩΩΝ,365,1033
Μαγνησίας,ΕΑΝ...,345,0
Μαγνησίας,ΚΚΕ (μ-λ),288,166
Μαγνησίας,Τ.ΟΛ.ΜΑ,211,0
Μαγνησίας,ΕΝΟΤΗΤΑ - ΑΛΗΘΕΙΑ ΕΝ.Α,199,0
Μαγνησίας,ΕΛΛΗΝΩΝ ΣΥΝΕΛΕΥΣΙΣ,147,306
Μαγνησίας,ΠΟΛΙΤΙΚΗ ΠΡΩΤΟΒΟΥΛΙΑ,137,0
Μαγνησίας,Μ-Λ ΚΚΕ,108,59
Μαγνησίας,ΒΟΡΕΙΑ ΛΕΓΚΑ - ΚΡΑΜΑ,90,0
Μαγνησίας,ΚΟΙΝΩΝΙΑ ΑΞΙΩΝ - ΦΙΛΕΛΕΥΘΕΡΗ ΣΥΜΜΑΧΙΑ,81,0
Μαγνησίας,Ο.Κ.Δ.Ε.,21,21
Μαγνησίας,ΟΑΚΚΕ,16,0
Μαγνησίας,ΝΕΑ ΔΟΜΗ,4,0
Μαγνησίας,ΕΛΛΗΝΙΚΟ ΟΡΑΜΑ,0,0
Μαγνησίας,Κ.Ο.Τ.Ε.Σ.,0,0
Μαγνησίας,Δημοσθένης Βεργής ΕΛΛΗΝΕΣ ΟΙΚΟΛΟΓΟΙ,0,0
Μαγνησίας,SOCIAL,0,0
Μαγνησίας,Ανεξάρτητοι,0,0
Μαγνησίας,ΕΓΓΕΓΡΑΜΜΕΝΟΙ,174452,-
Μαγνησίας,ΑΚΥΡΑ,2338,-
Μαγνησίας,ΛΕΥΚΑ,646,-
Μαγνησίας,ΕΓΚΥΡΑ,108357,-
Μαγνησίας,ΣΥΜΜΕΤΟΧΗ,111353,-
Τρικάλων,ΝΔ,38475,37638
Τρικάλων,ΣΥΡΙΖΑ-ΠΣ,17176,25042
Τρικάλων,ΠΑΣΟΚ-Κίνημα Αλλαγής,10414,8232
Τρικάλων,ΚΚΕ,6495,5144
Τρικάλων,ΝΙΚΗ,2861,0
Τρικάλων,ΕΛΛΗΝΙΚΗ ΛΥΣΗ,2269,2417
Τρικάλων,ΜέΡΑ25,1571,1740
Τρικάλων,ΠΛΕΥΣΗ ΕΛΕΥΘΕΡΙΑΣ-ΖΩΗ ΚΩΝΣΤΑΝΤΟΠΟΥΛΟΥ,1237,709
Τρικάλων,ΕΘΝΙΚΗ ΔΗΜΙΟΥΡΓΙΑ,540,602
Τρικάλων,ΕΝΩΝΩ ΣΥΜΜΑΧΙΑ ΕΛΕΥΘΕΡΙΑΣ,526,0
Τρικάλων,ΣΥΜΜΑΧΙΑ ΑΝΑΤΡΟΠΗΣ,462,0
Τρικάλων,ΑΝΤ.ΑΡ.ΣΥ.Α.,452,360
Τρικάλων,Κίνημα 21,365,0
Τρικάλων,ΠΡΑΣΙΝΟ ΚΙΝΗΜΑ,333,0
Τρικάλων,Οικολόγοι ΠΡΑΣΙΝΟΙ - ΠΡΑΣΙΝΗ  ΕΝΟΤΗΤΑ,309,0
Τρικάλων,ΠΝΟΗ ΔΗΜΟΚΡΑΤΙΑΣ,302,0
Τρικάλων,ΚΚΕ (μ-λ),245,204
Τρικάλων,Κ.Ο.Τ.Ε.Σ.,251,0
Τρικάλων,ΕΛΕΥΘΕΡΟΙ ΞΑΝΑ,248,0
Τρικάλων,ΕΑΝ...,209,0
Τρικάλων,ΕΝΩΣΗ ΚΕΝΤΡΩΩΝ,184,664
Τρικάλων,ΕΝΟΤΗΤΑ - ΑΛΗΘΕΙΑ ΕΝ.Α,177,0
Τρικάλων,Τ.ΟΛ.ΜΑ,127,0
Τρικάλων,ΕΛΛΗΝΩΝ ΣΥΝΕΛΕΥΣΙΣ,90,64
Τρικάλων,ΚΟΙΝΩΝΙΑ ΑΞΙΩΝ - ΦΙΛΕΛΕΥΘΕΡΗ ΣΥΜΜΑΧΙΑ,54,0
Τρικάλων,Μ-Λ ΚΚΕ,35,26
Τρικάλων,ΒΟΡΕΙΑ ΛΕΓΚΑ - ΚΡΑΜΑ,31,0
Τρικάλων,ΟΑΚΚΕ,27,0
Τρικάλων,Ο.Κ.Δ.Ε.,23,24
Τρικάλων,ΚΙΝΗΜΑ ΦΤΩΧΩΝ ΕΛΛΑΔΟΣ,0,0
Τρικάλων,ΕΛΛΗΝΙΚΟ ΟΡΑΜΑ,0,0
Τρικάλων,ΝΕΑ ΔΟΜΗ,0,0
Τρικάλων,ΠΟΛΙΤΙΚΗ ΠΡΩΤΟΒΟΥΛΙΑ,0,0
Τρικάλων,Δημοσθένης Βεργής ΕΛΛΗΝΕΣ ΟΙΚΟΛΟΓΟΙ,0,0
Τρικάλων,SOCIAL,0,0
Τρικάλων,Ανεξάρτητοι,0,0
Τρικάλων,ΕΓΓΕΓΡΑΜΜΕΝΟΙ,144313,-
Τρικάλων,ΑΚΥΡΑ,1530,-
Τρικάλων,ΛΕΥΚΑ,385,-
Τρικάλων,ΕΓΚΥΡΑ,85496,-
Τρικάλων,ΣΥΜΜΕΤΟΧΗ,87410,-
Καρδίτσας,ΝΔ,35375,34668
Καρδίτσας,ΣΥΡΙΖΑ-ΠΣ,15106,23502
Καρδίτσας,ΠΑΣΟΚ-Κίνημα Αλλαγής,10450,7270
Καρδίτσας,ΚΚΕ,5544,4322
Καρδίτσας,ΕΛΛΗΝΙΚΗ ΛΥΣΗ,2069,1924
Καρδίτσας,ΝΙΚΗ,1436,0
Καρδίτσας,ΠΛΕΥΣΗ ΕΛΕΥΘΕΡΙΑΣ-ΖΩΗ ΚΩΝΣΤΑΝΤΟΠΟΥΛΟΥ,1168,579
Καρδίτσας,ΜέΡΑ25,1145,1445
Καρδίτσας,Κίνημα 21,385,0
Καρδίτσας,ΕΘΝΙΚΗ ΔΗΜΙΟΥΡΓΙΑ,379,295
Καρδίτσας,ΕΝΩΝΩ ΣΥΜΜΑΧΙΑ ΕΛΕΥΘΕΡΙΑΣ,372,0
Καρδίτσας,ΑΝΤ.ΑΡ.ΣΥ.Α.,359,307
Καρδίτσας,ΣΥΜΜΑΧΙΑ ΑΝΑΤΡΟΠΗΣ,352,0
Καρδίτσας,ΕΝΟΤΗΤΑ - ΑΛΗΘΕΙΑ ΕΝ.Α,329,0
Καρδίτσας,ΠΝΟΗ ΔΗΜΟΚΡΑΤΙΑΣ,301,0
Καρδίτσας,ΠΡΑΣΙΝΟ ΚΙΝΗΜΑ,290,0
Καρδίτσας,ΕΛΕΥΘΕΡΟΙ ΞΑΝΑ,239,0
Καρδίτσας,ΚΚΕ (μ-λ),229,178
Καρδίτσας,Τ.ΟΛ.ΜΑ,196,0
Καρδίτσας,ΕΝΩΣΗ ΚΕΝΤΡΩΩΝ,140,456
Καρδίτσας,ΕΛΛΗΝΩΝ ΣΥΝΕΛΕΥΣΙΣ,107,75
Καρδίτσας,ΠΟΛΙΤΙΚΗ ΠΡΩΤΟΒΟΥΛΙΑ,74,0
Καρδίτσας,ΚΟΙΝΩΝΙΑ ΑΞΙΩΝ - ΦΙΛΕΛΕΥΘΕΡΗ ΣΥΜΜΑΧΙΑ,70,0
Καρδίτσας,ΒΟΡΕΙΑ ΛΕΓΚΑ - ΚΡΑΜΑ,52,0
Καρδίτσας,Μ-Λ ΚΚΕ,46,41
Καρδίτσας,ΝΕΑ ΔΟΜΗ,25,0
Καρδίτσας,Ο.Κ.Δ.Ε.,23,19
Καρδίτσας,ΟΑΚΚΕ,6,0
Καρδίτσας,ΚΙΝΗΜΑ ΦΤΩΧΩΝ ΕΛΛΑΔΟΣ,0,0
Καρδίτσας,ΕΛΛΗΝΙΚΟ ΟΡΑΜΑ,0,0
Καρδίτσας,Κ.Ο.Τ.Ε.Σ.,0,0
Καρδίτσας,Δημοσθένης Βεργής ΕΛΛΗΝΕΣ ΟΙΚΟΛΟΓΟΙ,0,0
Καρδίτσας,SOCIAL,0,0
Καρδίτσας,Οικολόγοι ΠΡΑΣΙΝΟΙ - ΠΡΑΣΙΝΗ  ΕΝΟΤΗΤΑ,0,0
Καρδίτσας,ΕΑΝ...,0,0
Καρδίτσας,Ανεξάρτητοι,0,0
Καρδίτσας,ΕΓΓΕΓΡΑΜΜΕΝΟΙ,125814,-
Καρδίτσας,ΑΚΥΡΑ,1364,-
Καρδίτσας,ΛΕΥΚΑ,335,-
Καρδίτσας,ΕΓΚΥΡΑ,76267,-
Καρδίτσας,ΣΥΜΜΕΤΟΧΗ,77967,-
Κέρκυρας,ΝΔ,21454,19525
Κέρκυρας,ΣΥΡΙΖΑ-ΠΣ,11569,19119
Κέρκυρας,ΠΑΣΟΚ-Κίνημα Αλλαγής,7128,4166
Κέρκυρας,ΚΚΕ,5010,3883
Κέρκυρας,ΠΛΕΥΣΗ ΕΛΕΥΘΕΡΙΑΣ-ΖΩΗ ΚΩΝΣΤΑΝΤΟΠΟΥΛΟΥ,2944,1184
Κέρκυρας,ΕΛΛΗΝΙΚΗ ΛΥΣΗ,1949,1336
Κέρκυρας,ΜέΡΑ25,1821,2689
Κέρκυρας,ΝΙΚΗ,1019,0
Κέρκυρας,ΕΝΩΝΩ ΣΥΜΜΑΧΙΑ ΕΛΕΥΘΕΡΙΑΣ,913,0
Κέρκυρας,ΣΥΜΜΑΧΙΑ ΑΝΑΤΡΟΠΗΣ,584,0
Κέρκυρας,ΕΘΝΙΚΗ ΔΗΜΙΟΥΡΓΙΑ,431,315
Κέρκυρας,Κίνημα 21,328,0
Κέρκυρας,Κ.Ο.Τ.Ε.Σ.,306,0
Κέρκυρας,ΠΡΑΣΙΝΟ ΚΙΝΗΜΑ,294,0
Κέρκυρας,ΚΙΝΗΜΑ ΦΤΩΧΩΝ ΕΛΛΑΔΟΣ,287,0
Κέρκυρας,ΕΛΛΗΝΩΝ ΣΥΝΕΛΕΥΣΙΣ,274,224
Κέρκυρας,ΕΛΕΥΘΕΡΟΙ ΞΑΝΑ,239,0
Κέρκυρας,ΠΝΟΗ ΔΗΜΟΚΡΑΤΙΑΣ,231,0
Κέρκυρας,ΕΝΩΣΗ ΚΕΝΤΡΩΩΝ,208,538
Κέρκυρας,ΑΝΤ.ΑΡ.ΣΥ.Α.,205,197
Κέρκυρας,ΕΑΝ...,164,0
Κέρκυρας,Τ.ΟΛ.ΜΑ,150,0
Κέρκυρας,Μ-Λ ΚΚΕ,77,45
Κέρκυρας,ΚΚΕ (μ-λ),71,69
Κέρκυρας,ΕΝΟΤΗΤΑ - ΑΛΗΘΕΙΑ ΕΝ.Α,72,0
Κέρκυρας,ΚΟΙΝΩΝΙΑ ΑΞΙΩΝ - ΦΙΛΕΛΕΥΘΕΡΗ ΣΥΜΜΑΧΙΑ,58,0
Κέρκυρας,ΒΟΡΕΙΑ ΛΕΓΚΑ - ΚΡΑΜΑ,37,0
Κέρκυρας,Ο.Κ.Δ.Ε.,26,8
Κέρκυρας,ΟΑΚΚΕ,17,0
Κέρκυρας,ΕΛΛΗΝΙΚΟ ΟΡΑΜΑ,0,0
Κέρκυρας,ΝΕΑ ΔΟΜΗ,0,0
Κέρκυρας,ΠΟΛΙΤΙΚΗ ΠΡΩΤΟΒΟΥΛΙΑ,0,0
Κέρκυρας,Δημοσθένης Βεργής ΕΛΛΗΝΕΣ ΟΙΚΟΛΟΓΟΙ,0,0
Κέρκυρας,SOCIAL,0,0
Κέρκυρας,Οικολόγοι ΠΡΑΣΙΝΟΙ - ΠΡΑΣΙΝΗ  ΕΝΟΤΗΤΑ,0,0
Κέρκυρας,Ανεξάρτητοι,0,0
Κέρκυρας,ΕΓΓΕΓΡΑΜΜΕΝΟΙ,106188,-
Κέρκυρας,ΑΚΥΡΑ,1376,-
Κέρκυρας,ΛΕΥΚΑ,334,-
Κέρκυρας,ΕΓΚΥΡΑ,57862,-
Κέρκυρας,ΣΥΜΜΕΤΟΧΗ,59571,-
Λευκάδας,ΝΔ,6484,6778
Λευκάδας,ΣΥΡΙΖΑ-ΠΣ,3044,4307
Λευκάδας,ΠΑΣΟΚ-Κίνημα Αλλαγής,1833,1466
Λευκάδας,ΚΚΕ,1742,1247
Λευκάδας,ΜέΡΑ25,387,429
Λευκάδας,ΠΛΕΥΣΗ ΕΛΕΥΘΕΡΙΑΣ-ΖΩΗ ΚΩΝΣΤΑΝΤΟΠΟΥΛΟΥ,326,159
Λευκάδας,ΕΛΛΗΝΙΚΗ ΛΥΣΗ,251,198
Λευκάδας,ΝΙΚΗ,223,0
Λευκάδας,ΑΝΤ.ΑΡ.ΣΥ.Α.,179,87
Λευκάδας,ΕΝΩΝΩ ΣΥΜΜΑΧΙΑ ΕΛΕΥΘΕΡΙΑΣ,174,0
Λευκάδας,ΣΥΜΜΑΧΙΑ ΑΝΑΤΡΟΠΗΣ,108,0
Λευκάδας,ΕΑΝ...,106,0
Λευκάδας,ΕΘΝΙΚΗ ΔΗΜΙΟΥΡΓΙΑ,93,79
Λευκάδας,Κίνημα 21,67,0
Λευκάδας,ΠΝΟΗ ΔΗΜΟΚΡΑΤΙΑΣ,51,0
Λευκάδας,ΠΡΑΣΙΝΟ ΚΙΝΗΜΑ,50,0
Λευκάδας,ΕΝΩΣΗ ΚΕΝΤΡΩΩΝ,48,106
Λευκάδας,Τ.ΟΛ.ΜΑ,35,0
Λευκάδας,Μ-Λ ΚΚΕ,24,13
Λευκάδας,ΕΛΛΗΝΩΝ ΣΥΝΕΛΕΥΣΙΣ,23,0
Λευκάδας,ΚΟΙΝΩΝΙΑ ΑΞΙΩΝ - ΦΙΛΕΛΕΥΘΕΡΗ ΣΥΜΜΑΧΙΑ,14,0
Λευκάδας,ΚΚΕ (μ-λ),13,11
Λευκάδας,Ο.Κ.Δ.Ε.,3,4
Λευκάδας,ΒΟΡΕΙΑ ΛΕΓΚΑ - ΚΡΑΜΑ,2,0
Λευκάδας,ΚΙΝΗΜΑ ΦΤΩΧΩΝ ΕΛΛΑΔΟΣ,0,0
Λευκάδας,ΕΛΛΗΝΙΚΟ ΟΡΑΜΑ,0,0
Λευκάδας,ΟΑΚΚΕ,0,0
Λευκάδας,ΝΕΑ ΔΟΜΗ,0,0
Λευκάδας,ΠΟΛΙΤΙΚΗ ΠΡΩΤΟΒΟΥΛΙΑ,0,0
Λευκάδας,ΕΛΕΥΘΕΡΟΙ ΞΑΝΑ,0,0
Λευκάδας,Κ.Ο.Τ.Ε.Σ.,0,0
Λευκάδας,Δημοσθένης Βεργής ΕΛΛΗΝΕΣ ΟΙΚΟΛΟΓΟΙ,0,0
Λευκάδας,SOCIAL,0,0
Λευκάδας,Οικολόγοι ΠΡΑΣΙΝΟΙ - ΠΡΑΣΙΝΗ  ΕΝΟΤΗΤΑ,0,0
Λευκάδας,ΕΝΟΤΗΤΑ - ΑΛΗΘΕΙΑ ΕΝ.Α,0,0
Λευκάδας,Ανεξάρτητοι,0,0
Λευκάδας,ΕΓΓΕΓΡΑΜΜΕΝΟΙ,28819,-
Λευκάδας,ΑΚΥΡΑ,294,-
Λευκάδας,ΛΕΥΚΑ,137,-
Λευκάδας,ΕΓΚΥΡΑ,15280,-
Λευκάδας,ΣΥΜΜΕΤΟΧΗ,15709,-
Ζακύνθου,ΝΔ,9442,9217
Ζακύνθου,ΣΥΡΙΖΑ-ΠΣ,4818,6914
Ζακύνθου,ΠΑΣΟΚ-Κίνημα Αλλαγής,2506,1182
Ζακύνθου,ΚΚΕ,2491,1989
Ζακύνθου,ΕΛΛΗΝΙΚΗ ΛΥΣΗ,576,486
Ζακύνθου,ΜέΡΑ25,552,730
Ζακύνθου,ΠΛΕΥΣΗ ΕΛΕΥΘΕΡΙΑΣ-ΖΩΗ ΚΩΝΣΤΑΝΤΟΠΟΥΛΟΥ,458,269
Ζακύνθου,ΕΝΩΝΩ ΣΥΜΜΑΧΙΑ ΕΛΕΥΘΕΡΙΑΣ,422,0
Ζακύνθου,ΝΙΚΗ,356,0
Ζακύνθου,ΕΘΝΙΚΗ ΔΗΜΙΟΥΡΓΙΑ,307,102
Ζακύνθου,ΣΥΜΜΑΧΙΑ ΑΝΑΤΡΟΠΗΣ,252,0
Ζακύνθου,ΠΡΑΣΙΝΟ ΚΙΝΗΜΑ,112,0
Ζακύνθου,ΑΝΤ.ΑΡ.ΣΥ.Α.,103,68
Ζακύνθου,ΕΛΛΗΝΩΝ ΣΥΝΕΛΕΥΣΙΣ,103,92
Ζακύνθου,Κίνημα 21,90,0
Ζακύνθου,ΕΑΝ...,82,0
Ζακύνθου,ΠΝΟΗ ΔΗΜΟΚΡΑΤΙΑΣ,73,0
Ζακύνθου,ΕΝΩΣΗ ΚΕΝΤΡΩΩΝ,55,147
Ζακύνθου,ΚΚΕ (μ-λ),49,36
Ζακύνθου,Μ-Λ ΚΚΕ,47,37
Ζακύνθου,Τ.ΟΛ.ΜΑ,43,0
Ζακύνθου,ΚΟΙΝΩΝΙΑ ΑΞΙΩΝ - ΦΙΛΕΛΕΥΘΕΡΗ ΣΥΜΜΑΧΙΑ,42,0
Ζακύνθου,ΠΟΛΙΤΙΚΗ ΠΡΩΤΟΒΟΥΛΙΑ,25,0
Ζακύνθου,Ο.Κ.Δ.Ε.,24,19
Ζακύνθου,ΒΟΡΕΙΑ ΛΕΓΚΑ - ΚΡΑΜΑ,24,0
Ζακύνθου,ΚΙΝΗΜΑ ΦΤΩΧΩΝ ΕΛΛΑΔΟΣ,0,0
Ζακύνθου,ΕΛΛΗΝΙΚΟ ΟΡΑΜΑ,0,0
Ζακύνθου,ΟΑΚΚΕ,0,0
Ζακύνθου,ΝΕΑ ΔΟΜΗ,0,0
Ζακύνθου,ΕΛΕΥΘΕΡΟΙ ΞΑΝΑ,0,0
Ζακύνθου,Κ.Ο.Τ.Ε.Σ.,0,0
Ζακύνθου,Δημοσθένης Βεργής ΕΛΛΗΝΕΣ ΟΙΚΟΛΟΓΟΙ,0,0
Ζακύνθου,SOCIAL,0,0
Ζακύνθου,Οικολόγοι ΠΡΑΣΙΝΟΙ - ΠΡΑΣΙΝΗ  ΕΝΟΤΗΤΑ,0,0
Ζακύνθου,ΕΝΟΤΗΤΑ - ΑΛΗΘΕΙΑ ΕΝ.Α,0,0
Ζακύνθου,Ανεξάρτητοι,0,0
Ζακύνθου,ΕΓΓΕΓΡΑΜΜΕΝΟΙ,41268,-
Ζακύνθου,ΑΚΥΡΑ,472,-
Ζακύνθου,ΛΕΥΚΑ,197,-
Ζακύνθου,ΕΓΚΥΡΑ,23052,-
Ζακύνθου,ΣΥΜΜΕΤΟΧΗ,23721,-
Αιτωλοακαρνανίας,ΝΔ,53974,55440
Αιτωλοακαρνανίας,ΣΥΡΙΖΑ-ΠΣ,35326,45889
Αιτωλοακαρνανίας,ΠΑΣΟΚ-Κίνημα Αλλαγής,18499,13865
Αιτωλοακαρνανίας,ΚΚΕ,8581,6669
Αιτωλοακαρνανίας,ΝΙΚΗ,4137,0
Αιτωλοακαρνανίας,ΕΛΛΗΝΙΚΗ ΛΥΣΗ,3435,2283
Αιτωλοακαρνανίας,ΠΛΕΥΣΗ ΕΛΕΥΘΕΡΙΑΣ-ΖΩΗ ΚΩΝΣΤΑΝΤΟΠΟΥΛΟΥ,2371,1199
Αιτωλοακαρνανίας,ΜέΡΑ25,2311,2883
Αιτωλοακαρνανίας,ΕΝΩΝΩ ΣΥΜΜΑΧΙΑ ΕΛΕΥΘΕΡΙΑΣ,1317,0
Αιτωλοακαρνανίας,ΕΘΝΙΚΗ ΔΗΜΙΟΥΡΓΙΑ,986,505
Αιτωλοακαρνανίας,ΣΥΜΜΑΧΙΑ ΑΝΑΤΡΟΠΗΣ,784,0
Αιτωλοακαρνανίας,Οικολόγοι ΠΡΑΣΙΝΟΙ - ΠΡΑΣΙΝΗ  ΕΝΟΤΗΤΑ,630,0
Αιτωλοακαρνανίας,Κίνημα 21,618,0
Αιτωλοακαρνανίας,ΑΝΤ.ΑΡ.ΣΥ.Α.,615,443
Αιτωλοακαρνανίας,ΕΛΕΥΘΕΡΟΙ ΞΑΝΑ,592,0
Αιτωλοακαρνανίας,ΠΝΟΗ ΔΗΜΟΚΡΑΤΙΑΣ,402,0
Αιτωλοακαρνανίας,ΕΛΛΗΝΩΝ ΣΥΝΕΛΕΥΣΙΣ,339,285
Αιτωλοακαρνανίας,ΕΑΝ...,293,0
Αιτωλοακαρνανίας,ΕΝΩΣΗ ΚΕΝΤΡΩΩΝ,288,1021
Αιτωλοακαρνανίας,Τ.ΟΛ.ΜΑ,201,0
Αιτωλοακαρνανίας,ΠΡΑΣΙΝΟ ΚΙΝΗΜΑ,191,0
Αιτωλοακαρνανίας,ΚΚΕ (μ-λ),177,123
Αιτωλοακαρνανίας,ΠΟΛΙΤΙΚΗ ΠΡΩΤΟΒΟΥΛΙΑ,170,0
Αιτωλοακαρνανίας,ΕΝΟΤΗΤΑ - ΑΛΗΘΕΙΑ ΕΝ.Α,166,0
Αιτωλοακαρνανίας,ΒΟΡΕΙΑ ΛΕΓΚΑ - ΚΡΑΜΑ,94,0
Αιτωλοακαρνανίας,Μ-Λ ΚΚΕ,90,70
Αιτωλοακαρνανίας,ΚΟΙΝΩΝΙΑ ΑΞΙΩΝ - ΦΙΛΕΛΕΥΘΕΡΗ ΣΥΜΜΑΧΙΑ,84,0
Αιτωλοακαρνανίας,Ο.Κ.Δ.Ε.,27,35
Αιτωλοακαρνανίας,ΟΑΚΚΕ,14,0
Αιτωλοακαρνανίας,ΚΙΝΗΜΑ ΦΤΩΧΩΝ ΕΛΛΑΔΟΣ,0,0
Αιτωλοακαρνανίας,ΕΛΛΗΝΙΚΟ ΟΡΑΜΑ,0,0
Αιτωλοακαρνανίας,ΝΕΑ ΔΟΜΗ,0,0
Αιτωλοακαρνανίας,Κ.Ο.Τ.Ε.Σ.,0,0
Αιτωλοακαρνανίας,Δημοσθένης Βεργής ΕΛΛΗΝΕΣ ΟΙΚΟΛΟΓΟΙ,0,0
Αιτωλοακαρνανίας,SOCIAL,0,0
Αιτωλοακαρνανίας,Ανεξάρτητοι,0,0
Αιτωλοακαρνανίας,ΕΓΓΕΓΡΑΜΜΕΝΟΙ,234250,-
Αιτωλοακαρνανίας,ΑΚΥΡΑ,2190,-
Αιτωλοακαρνανίας,ΛΕΥΚΑ,586,-
Αιτωλοακαρνανίας,ΕΓΚΥΡΑ,136720,-
Αιτωλοακαρνανίας,ΣΥΜΜΕΤΟΧΗ,139496,-
Αχαΐας,ΝΔ,60726,55235
Αχαΐας,ΣΥΡΙΖΑ-ΠΣ,48313,68588
Αχαΐας,ΠΑΣΟΚ-Κίνημα Αλλαγής,22220,15176
Αχαΐας,ΚΚΕ,12166,9283
Αχαΐας,ΝΙΚΗ,6647,0
Αχαΐας,ΕΛΛΗΝΙΚΗ ΛΥΣΗ,6585,5524
Αχαΐας,ΠΛΕΥΣΗ ΕΛΕΥΘΕΡΙΑΣ-ΖΩΗ ΚΩΝΣΤΑΝΤΟΠΟΥΛΟΥ,5240,2717
Αχαΐας,ΜέΡΑ25,4465,5339
Αχαΐας,ΕΝΩΝΩ ΣΥΜΜΑΧΙΑ ΕΛΕΥΘΕΡΙΑΣ,1494,0
Αχαΐας,ΣΥΜΜΑΧΙΑ ΑΝΑΤΡΟΠΗΣ,1429,0
Αχαΐας,Οικολόγοι ΠΡΑΣΙΝΟΙ - ΠΡΑΣΙΝΗ  ΕΝΟΤΗΤΑ,1253,0
Αχαΐας,Κίνημα 21,1064,0
Αχαΐας,ΑΝΤ.ΑΡ.ΣΥ.Α.,989,637
Αχαΐας,ΕΘΝΙΚΗ ΔΗΜΙΟΥΡΓΙΑ,763,714
Αχαΐας,ΕΑΝ...,755,0
Αχαΐας,ΕΛΕΥΘΕΡΟΙ ΞΑΝΑ,693,0
Αχαΐας,Κ.Ο.Τ.Ε.Σ.,570,0
Αχαΐας,ΠΝΟΗ ΔΗΜΟΚΡΑΤΙΑΣ,549,0
Αχαΐας,ΚΙΝΗΜΑ ΦΤΩΧΩΝ ΕΛΛΑΔΟΣ,534,0
Αχαΐας,ΕΝΩΣΗ ΚΕΝΤΡΩΩΝ,532,1991
Αχαΐας,Τ.ΟΛ.ΜΑ,318,0
Αχαΐας,ΕΝΟΤΗΤΑ - ΑΛΗΘΕΙΑ ΕΝ.Α,291,0
Αχαΐας,ΚΚΕ (μ-λ),255,105
Αχαΐας,ΚΟΙΝΩΝΙΑ ΑΞΙΩΝ - ΦΙΛΕΛΕΥΘΕΡΗ ΣΥΜΜΑΧΙΑ,214,0
Αχαΐας,ΠΡΑΣΙΝΟ ΚΙΝΗΜΑ,212,0
Αχαΐας,ΠΟΛΙΤΙΚΗ ΠΡΩΤΟΒΟΥΛΙΑ,169,0
Αχαΐας,ΕΛΛΗΝΩΝ ΣΥΝΕΛΕΥΣΙΣ,150,144
Αχαΐας,ΒΟΡΕΙΑ ΛΕΓΚΑ - ΚΡΑΜΑ,128,0
Αχαΐας,Μ-Λ ΚΚΕ,70,51
Αχαΐας,Ο.Κ.Δ.Ε.,42,22
Αχαΐας,ΟΑΚΚΕ,20,0
Αχαΐας,ΕΛΛΗΝΙΚΟ ΟΡΑΜΑ,0,0
Αχαΐας,ΝΕΑ ΔΟΜΗ,0,0
Αχαΐας,Δημοσθένης Βεργής ΕΛΛΗΝΕΣ ΟΙΚΟΛΟΓΟΙ,0,0
Αχαΐας,SOCIAL,0,0
Αχαΐας,Ανεξάρτητοι,0,0
Αχαΐας,ΕΓΓΕΓΡΑΜΜΕΝΟΙ,280516,-
Αχαΐας,ΑΚΥΡΑ,3331,-
Αχαΐας,ΛΕΥΚΑ,824,-
Αχαΐας,ΕΓΚΥΡΑ,178854,-
Αχαΐας,ΣΥΜΜΕΤΟΧΗ,183009,-
Ηλείας,ΝΔ,34527,33673
Ηλείας,ΣΥΡΙΖΑ-ΠΣ,21909,32536
Ηλείας,ΠΑΣΟΚ-Κίνημα Αλλαγής,17676,13817
Ηλείας,ΚΚΕ,4580,3380
Ηλείας,ΕΛΛΗΝΙΚΗ ΛΥΣΗ,3080,2689
Ηλείας,ΠΛΕΥΣΗ ΕΛΕΥΘΕΡΙΑΣ-ΖΩΗ ΚΩΝΣΤΑΝΤΟΠΟΥΛΟΥ,1945,1192
Ηλείας,ΝΙΚΗ,1388,0
Ηλείας,ΜέΡΑ25,1264,2066
Ηλείας,ΕΝΩΝΩ ΣΥΜΜΑΧΙΑ ΕΛΕΥΘΕΡΙΑΣ,1168,0
Ηλείας,ΣΥΜΜΑΧΙΑ ΑΝΑΤΡΟΠΗΣ,501,0
Ηλείας,Οικολόγοι ΠΡΑΣΙΝΟΙ - ΠΡΑΣΙΝΗ  ΕΝΟΤΗΤΑ,454,0
Ηλείας,Κίνημα 21,447,0
Ηλείας,ΕΘΝΙΚΗ ΔΗΜΙΟΥΡΓΙΑ,403,286
Ηλείας,ΑΝΤ.ΑΡ.ΣΥ.Α.,355,244
Ηλείας,ΕΛΕΥΘΕΡΟΙ ΞΑΝΑ,307,0
Ηλείας,ΕΑΝ...,287,0
Ηλείας,ΠΝΟΗ ΔΗΜΟΚΡΑΤΙΑΣ,207,0
Ηλείας,ΕΝΩΣΗ ΚΕΝΤΡΩΩΝ,176,569
Ηλείας,ΠΡΑΣΙΝΟ ΚΙΝΗΜΑ,149,0
Ηλείας,Τ.ΟΛ.ΜΑ,148,0
Ηλείας,ΕΛΛΗΝΩΝ ΣΥΝΕΛΕΥΣΙΣ,136,218
Ηλείας,ΚΚΕ (μ-λ),132,65
Ηλείας,ΕΝΟΤΗΤΑ - ΑΛΗΘΕΙΑ ΕΝ.Α,124,0
Ηλείας,ΒΟΡΕΙΑ ΛΕΓΚΑ - ΚΡΑΜΑ,69,0
Ηλείας,ΚΟΙΝΩΝΙΑ ΑΞΙΩΝ - ΦΙΛΕΛΕΥΘΕΡΗ ΣΥΜΜΑΧΙΑ,60,0
Ηλείας,ΠΟΛΙΤΙΚΗ ΠΡΩΤΟΒΟΥΛΙΑ,57,0
Ηλείας,Μ-Λ ΚΚΕ,39,24
Ηλείας,ΟΑΚΚΕ,15,0
Ηλείας,Ο.Κ.Δ.Ε.,11,16
Ηλείας,ΚΙΝΗΜΑ ΦΤΩΧΩΝ ΕΛΛΑΔΟΣ,0,0
Ηλείας,ΕΛΛΗΝΙΚΟ ΟΡΑΜΑ,0,0
Ηλείας,ΝΕΑ ΔΟΜΗ,0,0
Ηλείας,Κ.Ο.Τ.Ε.Σ.,0,0
Ηλείας,Δημοσθένης Βεργής ΕΛΛΗΝΕΣ ΟΙΚΟΛΟΓΟΙ,0,0
Ηλείας,SOCIAL,0,0
Ηλείας,Ανεξάρτητοι,0,0
Ηλείας,ΕΓΓΕΓΡΑΜΜΕΝΟΙ,166664,-
Ηλείας,ΑΚΥΡΑ,1667,-
Ηλείας,ΛΕΥΚΑ,393,-
Ηλείας,ΕΓΚΥΡΑ,91614,-
Ηλείας,ΣΥΜΜΕΤΟΧΗ,93665,-
Φθιώτιδας,ΝΔ,40953,41076
Φθιώτιδας,ΣΥΡΙΖΑ-ΠΣ,19400,29677
Φθιώτιδας,ΠΑΣΟΚ-Κίνημα Αλλαγής,10569,7119
Φθιώτιδας,ΚΚΕ,6342,4107
Φθιώτιδας,ΕΛΛΗΝΙΚΗ ΛΥΣΗ,3603,2990
Φθιώτιδας,ΝΙΚΗ,2192,0
Φθιώτιδας,ΠΛΕΥΣΗ ΕΛΕΥΘΕΡΙΑΣ-ΖΩΗ ΚΩΝΣΤΑΝΤΟΠΟΥΛΟΥ,1913,1292
Φθιώτιδας,ΜέΡΑ25,1710,2418
Φθιώτιδας,ΕΝΩΝΩ ΣΥΜΜΑΧΙΑ ΕΛΕΥΘΕΡΙΑΣ,675,0
Φθιώτιδας,ΣΥΜΜΑΧΙΑ ΑΝΑΤΡΟΠΗΣ,635,0
Φθιώτιδας,ΕΘΝΙΚΗ ΔΗΜΙΟΥΡΓΙΑ,555,495
Φθιώτιδας,Κίνημα 21,550,0
Φθιώτιδας,Οικολόγοι ΠΡΑΣΙΝΟΙ - ΠΡΑΣΙΝΗ  ΕΝΟΤΗΤΑ,533,0
Φθιώτιδας,ΚΙΝΗΜΑ ΦΤΩΧΩΝ ΕΛΛΑΔΟΣ,527,0
Φθιώτιδας,ΑΝΤ.ΑΡ.ΣΥ.Α.,406,282
Φθιώτιδας,ΠΝΟΗ ΔΗΜΟΚΡΑΤΙΑΣ,364,0
Φθιώτιδας,ΕΛΕΥΘΕΡΟΙ ΞΑΝΑ,311,0
Φθιώτιδας,ΕΝΩΣΗ ΚΕΝΤΡΩΩΝ,274,761
Φθιώτιδας,ΕΑΝ...,263,0
Φθιώτιδας,Τ.ΟΛ.ΜΑ,203,0
Φθιώτιδας,ΚΚΕ (μ-λ),162,94
Φθιώτιδας,ΕΝΟΤΗΤΑ - ΑΛΗΘΕΙΑ ΕΝ.Α,158,0
Φθιώτιδας,ΕΛΛΗΝΩΝ ΣΥΝΕΛΕΥΣΙΣ,140,225
Φθιώτιδας,ΚΟΙΝΩΝΙΑ ΑΞΙΩΝ - ΦΙΛΕΛΕΥΘΕΡΗ ΣΥΜΜΑΧΙΑ,123,0
Φθιώτιδας,ΠΟΛΙΤΙΚΗ ΠΡΩΤΟΒΟΥΛΙΑ,112,0
Φθιώτιδας,ΠΡΑΣΙΝΟ ΚΙΝΗΜΑ,96,0
Φθιώτιδας,ΒΟΡΕΙΑ ΛΕΓΚΑ - ΚΡΑΜΑ,79,0
Φθιώτιδας,Μ-Λ ΚΚΕ,68,43
Φθιώτιδας,Ο.Κ.Δ.Ε.,23,9
Φθιώτιδας,ΟΑΚΚΕ,22,0
Φθιώτιδας,ΕΛΛΗΝΙΚΟ ΟΡΑΜΑ,0,0
Φθιώτιδας,ΝΕΑ ΔΟΜΗ,0,0
Φθιώτιδας,Κ.Ο.Τ.Ε.Σ.,0,0
Φθιώτιδας,Δημοσθένης Βεργής ΕΛΛΗΝΕΣ ΟΙΚΟΛΟΓΟΙ,0,0
Φθιώτιδας,SOCIAL,0,0
Φθιώτιδας,Ανεξάρτητοι,0,0
Φθιώτιδας,ΕΓΓΕΓΡΑΜΜΕΝΟΙ,143646,-
Φθιώτιδας,ΑΚΥΡΑ,1539,-
Φθιώτιδας,ΛΕΥΚΑ,513,-
Φθιώτιδας,ΕΓΚΥΡΑ,92969,-
Φθιώτιδας,ΣΥΜΜΕΤΟΧΗ,95022,-
Ευρυτανίας,ΝΔ,6159,6969
Ευρυτανίας,ΣΥΡΙΖΑ-ΠΣ,3111,4212
Ευρυτανίας,ΠΑΣΟΚ-Κίνημα Αλλαγής,1533,1417
Ευρυτανίας,ΚΚΕ,747,398
Ευρυτανίας,ΝΙΚΗ,437,0
Ευρυτανίας,ΕΛΛΗΝΙΚΗ ΛΥΣΗ,397,305
Ευρυτανίας,ΜέΡΑ25,244,262
Ευρυτανίας,ΠΛΕΥΣΗ ΕΛΕΥΘΕΡΙΑΣ-ΖΩΗ ΚΩΝΣΤΑΝΤΟΠΟΥΛΟΥ,212,121
Ευρυτανίας,ΕΘΝΙΚΗ ΔΗΜΙΟΥΡΓΙΑ,162,66
Ευρυτανίας,ΕΝΩΝΩ ΣΥΜΜΑΧΙΑ ΕΛΕΥΘΕΡΙΑΣ,150,0
Ευρυτανίας,ΣΥΜΜΑΧΙΑ ΑΝΑΤΡΟΠΗΣ,88,0
Ευρυτανίας,ΕΝΩΣΗ ΚΕΝΤΡΩΩΝ,62,129
Ευρυτανίας,ΕΝΟΤΗΤΑ - ΑΛΗΘΕΙΑ ΕΝ.Α,56,0
Ευρυτανίας,ΑΝΤ.ΑΡ.ΣΥ.Α.,54,57
Ευρυτανίας,Κίνημα 21,54,0
Ευρυτανίας,ΠΝΟΗ ΔΗΜΟΚΡΑΤΙΑΣ,47,0
Ευρυτανίας,ΚΚΕ (μ-λ),25,8
Ευρυτανίας,Τ.ΟΛ.ΜΑ,23,0
Ευρυτανίας,ΠΡΑΣΙΝΟ ΚΙΝΗΜΑ,23,0
Ευρυτανίας,ΚΟΙΝΩΝΙΑ ΑΞΙΩΝ - ΦΙΛΕΛΕΥΘΕΡΗ ΣΥΜΜΑΧΙΑ,16,0
Ευρυτανίας,ΕΛΛΗΝΩΝ ΣΥΝΕΛΕΥΣΙΣ,15,10
Ευρυτανίας,Μ-Λ ΚΚΕ,13,3
Ευρυτανίας,ΒΟΡΕΙΑ ΛΕΓΚΑ - ΚΡΑΜΑ,4,0
Ευρυτανίας,Ο.Κ.Δ.Ε.,2,7
Ευρυτανίας,ΚΙΝΗΜΑ ΦΤΩΧΩΝ ΕΛΛΑΔΟΣ,0,0
Ευρυτανίας,ΕΛΛΗΝΙΚΟ ΟΡΑΜΑ,0,0
Ευρυτανίας,ΟΑΚΚΕ,0,0
Ευρυτανίας,ΝΕΑ ΔΟΜΗ,0,0
Ευρυτανίας,ΠΟΛΙΤΙΚΗ ΠΡΩΤΟΒΟΥΛΙΑ,0,0
Ευρυτανίας,ΕΛΕΥΘΕΡΟΙ ΞΑΝΑ,0,0
Ευρυτανίας,Κ.Ο.Τ.Ε.Σ.,0,0
Ευρυτανίας,Δημοσθένης Βεργής ΕΛΛΗΝΕΣ ΟΙΚΟΛΟΓΟΙ,0,0
Ευρυτανίας,SOCIAL,0,0
Ευρυτανίας,Οικολόγοι ΠΡΑΣΙΝΟΙ - ΠΡΑΣΙΝΗ  ΕΝΟΤΗΤΑ,0,0
Ευρυτανίας,ΕΑΝ...,0,0
Ευρυτανίας,Ανεξάρτητοι,0,0
Ευρυτανίας,ΕΓΓΕΓΡΑΜΜΕΝΟΙ,31314,-
Ευρυτανίας,ΑΚΥΡΑ,267,-
Ευρυτανίας,ΛΕΥΚΑ,61,-
Ευρυτανίας,ΕΓΚΥΡΑ,13633,-
Ευρυτανίας,ΣΥΜΜΕΤΟΧΗ,13963,-
Φωκίδας,ΝΔ,11021,10839
Φωκίδας,ΣΥΡΙΖΑ-ΠΣ,4604,7063
Φωκίδας,ΠΑΣΟΚ-Κίνημα Αλλαγής,2342,1780
Φωκίδας,ΚΚΕ,1909,1462
Φωκίδας,ΕΛΛΗΝΙΚΗ ΛΥΣΗ,747,729
Φωκίδας,ΠΛΕΥΣΗ ΕΛΕΥΘΕΡΙΑΣ-ΖΩΗ ΚΩΝΣΤΑΝΤΟΠΟΥΛΟΥ,573,297
Φωκίδας,ΜέΡΑ25,461,727
Φωκίδας,ΝΙΚΗ,452,0
Φωκίδας,ΕΝΩΝΩ ΣΥΜΜΑΧΙΑ ΕΛΕΥΘΕΡΙΑΣ,334,0
Φωκίδας,Κίνημα 21,241,0
Φωκίδας,ΣΥΜΜΑΧΙΑ ΑΝΑΤΡΟΠΗΣ,155,0
Φωκίδας,ΠΝΟΗ ΔΗΜΟΚΡΑΤΙΑΣ,138,0
Φωκίδας,Οικολόγοι ΠΡΑΣΙΝΟΙ - ΠΡΑΣΙΝΗ  ΕΝΟΤΗΤΑ,130,0
Φωκίδας,ΕΘΝΙΚΗ ΔΗΜΙΟΥΡΓΙΑ,117,100
Φωκίδας,ΑΝΤ.ΑΡ.ΣΥ.Α.,94,72
Φωκίδας,Τ.ΟΛ.ΜΑ,92,0
Φωκίδας,ΕΝΟΤΗΤΑ - ΑΛΗΘΕΙΑ ΕΝ.Α,76,0
Φωκίδας,ΕΑΝ...,72,0
Φωκίδας,ΕΛΛΗΝΩΝ ΣΥΝΕΛΕΥΣΙΣ,68,48
Φωκίδας,ΕΝΩΣΗ ΚΕΝΤΡΩΩΝ,63,186
Φωκίδας,ΚΚΕ (μ-λ),45,25
Φωκίδας,Μ-Λ ΚΚΕ,31,20
Φωκίδας,ΠΡΑΣΙΝΟ ΚΙΝΗΜΑ,30,0
Φωκίδας,ΚΟΙΝΩΝΙΑ ΑΞΙΩΝ - ΦΙΛΕΛΕΥΘΕΡΗ ΣΥΜΜΑΧΙΑ,22,0
Φωκίδας,ΒΟΡΕΙΑ ΛΕΓΚΑ - ΚΡΑΜΑ,18,0
Φωκίδας,Ο.Κ.Δ.Ε.,5,9
Φωκίδας,ΚΙΝΗΜΑ ΦΤΩΧΩΝ ΕΛΛΑΔΟΣ,0,0
Φωκίδας,ΕΛΛΗΝΙΚΟ ΟΡΑΜΑ,0,0
Φωκίδας,ΟΑΚΚΕ,0,0
Φωκίδας,ΝΕΑ ΔΟΜΗ,0,0
Φωκίδας,ΠΟΛΙΤΙΚΗ ΠΡΩΤΟΒΟΥΛΙΑ,0,0
Φωκίδας,ΕΛΕΥΘΕΡΟΙ ΞΑΝΑ,0,0
Φωκίδας,Κ.Ο.Τ.Ε.Σ.,0,0
Φωκίδας,Δημοσθένης Βεργής ΕΛΛΗΝΕΣ ΟΙΚΟΛΟΓΟΙ,0,0
Φωκίδας,SOCIAL,0,0
Φωκίδας,Ανεξάρτητοι,0,0
Φωκίδας,ΕΓΓΕΓΡΑΜΜΕΝΟΙ,41931,-
Φωκίδας,ΑΚΥΡΑ,489,-
Φωκίδας,ΛΕΥΚΑ,142,-
Φωκίδας,ΕΓΚΥΡΑ,23840,-
Φωκίδας,ΣΥΜΜΕΤΟΧΗ,24471,-
Βοιωτίας,ΝΔ,25017,23759
Βοιωτίας,ΣΥΡΙΖΑ-ΠΣ,13999,21150
Βοιωτίας,ΠΑΣΟΚ-Κίνημα Αλλαγής,9376,6355
Βοιωτίας,ΚΚΕ,5978,4595
Βοιωτίας,ΕΛΛΗΝΙΚΗ ΛΥΣΗ,2683,2221
Βοιωτίας,ΠΛΕΥΣΗ ΕΛΕΥΘΕΡΙΑΣ-ΖΩΗ ΚΩΝΣΤΑΝΤΟΠΟΥΛΟΥ,1896,942
Βοιωτίας,ΝΙΚΗ,1764,0
Βοιωτίας,ΜέΡΑ25,1521,2233
Βοιωτίας,ΣΥΜΜΑΧΙΑ ΑΝΑΤΡΟΠΗΣ,574,0
Βοιωτίας,Κίνημα 21,482,0
Βοιωτίας,Οικολόγοι ΠΡΑΣΙΝΟΙ - ΠΡΑΣΙΝΗ  ΕΝΟΤΗΤΑ,476,0
Βοιωτίας,ΕΝΩΝΩ ΣΥΜΜΑΧΙΑ ΕΛΕΥΘΕΡΙΑΣ,416,0
Βοιωτίας,ΕΘΝΙΚΗ ΔΗΜΙΟΥΡΓΙΑ,392,320
Βοιωτίας,ΑΝΤ.ΑΡ.ΣΥ.Α.,379,258
Βοιωτίας,ΕΛΕΥΘΕΡΟΙ ΞΑΝΑ,325,0
Βοιωτίας,ΠΝΟΗ ΔΗΜΟΚΡΑΤΙΑΣ,272,0
Βοιωτίας,ΕΝΩΣΗ ΚΕΝΤΡΩΩΝ,200,646
Βοιωτίας,ΕΑΝ...,185,0
Βοιωτίας,ΕΝΟΤΗΤΑ - ΑΛΗΘΕΙΑ ΕΝ.Α,193,0
Βοιωτίας,Τ.ΟΛ.ΜΑ,179,0
Βοιωτίας,ΕΛΛΗΝΩΝ ΣΥΝΕΛΕΥΣΙΣ,152,160
Βοιωτίας,ΚΚΕ (μ-λ),147,83
Βοιωτίας,ΠΡΑΣΙΝΟ ΚΙΝΗΜΑ,142,0
Βοιωτίας,ΠΟΛΙΤΙΚΗ ΠΡΩΤΟΒΟΥΛΙΑ,116,0
Βοιωτίας,ΚΟΙΝΩΝΙΑ ΑΞΙΩΝ - ΦΙΛΕΛΕΥΘΕΡΗ ΣΥΜΜΑΧΙΑ,93,0
Βοιωτίας,Μ-Λ ΚΚΕ,79,44
Βοιωτίας,ΒΟΡΕΙΑ ΛΕΓΚΑ - ΚΡΑΜΑ,59,0
Βοιωτίας,Ο.Κ.Δ.Ε.,26,23
Βοιωτίας,ΟΑΚΚΕ,17,0
Βοιωτίας,ΚΙΝΗΜΑ ΦΤΩΧΩΝ ΕΛΛΑΔΟΣ,0,0
Βοιωτίας,ΕΛΛΗΝΙΚΟ ΟΡΑΜΑ,0,0
Βοιωτίας,ΝΕΑ ΔΟΜΗ,0,0
Βοιωτίας,Κ.Ο.Τ.Ε.Σ.,0,0
Βοιωτίας,Δημοσθένης Βεργής ΕΛΛΗΝΕΣ ΟΙΚΟΛΟΓΟΙ,0,0
Βοιωτίας,SOCIAL,0,0
Βοιωτίας,Ανεξάρτητοι,0,0
Βοιωτίας,ΕΓΓΕΓΡΑΜΜΕΝΟΙ,105110,-
Βοιωτίας,ΑΚΥΡΑ,1384,-
Βοιωτίας,ΛΕΥΚΑ,344,-
Βοιωτίας,ΕΓΚΥΡΑ,67139,-
Βοιωτίας,ΣΥΜΜΕΤΟΧΗ,68868,-
Ευβοίας,ΝΔ,46504,44752
Ευβοίας,ΣΥΡΙΖΑ-ΠΣ,23598,42672
Ευβοίας,ΠΑΣΟΚ-Κίνημα Αλλαγής,19058,10431
Ευβοίας,ΚΚΕ,8942,6091
Ευβοίας,ΕΛΛΗΝΙΚΗ ΛΥΣΗ,6531,5087
Ευβοίας,ΠΛΕΥΣΗ ΕΛΕΥΘΕΡΙΑΣ-ΖΩΗ ΚΩΝΣΤΑΝΤΟΠΟΥΛΟΥ,4286,2397
Ευβοίας,ΜέΡΑ25,3098,3839
Ευβοίας,ΝΙΚΗ,2834,0
Ευβοίας,ΕΝΩΝΩ ΣΥΜΜΑΧΙΑ ΕΛΕΥΘΕΡΙΑΣ,1577,0
Ευβοίας,ΣΥΜΜΑΧΙΑ ΑΝΑΤΡΟΠΗΣ,1303,0
Ευβοίας,ΕΘΝΙΚΗ ΔΗΜΙΟΥΡΓΙΑ,898,754
Ευβοίας,Κίνημα 21,689,0
Ευβοίας,Οικολόγοι ΠΡΑΣΙΝΟΙ - ΠΡΑΣΙΝΗ  ΕΝΟΤΗΤΑ,647,0
Ευβοίας,ΑΝΤ.ΑΡ.ΣΥ.Α.,622,434
Ευβοίας,ΚΙΝΗΜΑ ΦΤΩΧΩΝ ΕΛΛΑΔΟΣ,589,0
Ευβοίας,Κ.Ο.Τ.Ε.Σ.,541,0
Ευβοίας,ΠΝΟΗ ΔΗΜΟΚΡΑΤΙΑΣ,517,0
Ευβοίας,ΕΛΕΥΘΕΡΟΙ ΞΑΝΑ,485,0
Ευβοίας,ΕΝΩΣΗ ΚΕΝΤΡΩΩΝ,425,1349
Ευβοίας,ΕΝΟΤΗΤΑ - ΑΛΗΘΕΙΑ ΕΝ.Α,347,0
Ευβοίας,Τ.ΟΛ.ΜΑ,326,0
Ευβοίας,ΕΑΝ...,310,0
Ευβοίας,ΠΡΑΣΙΝΟ ΚΙΝΗΜΑ,193,0
Ευβοίας,ΕΛΛΗΝΩΝ ΣΥΝΕΛΕΥΣΙΣ,187,133
Ευβοίας,ΚΚΕ (μ-λ),164,75
Ευβοίας,ΠΟΛΙΤΙΚΗ ΠΡΩΤΟΒΟΥΛΙΑ,155,0
Ευβοίας,ΚΟΙΝΩΝΙΑ ΑΞΙΩΝ - ΦΙΛΕΛΕΥΘΕΡΗ ΣΥΜΜΑΧΙΑ,117,0
Ευβοίας,ΒΟΡΕΙΑ ΛΕΓΚΑ - ΚΡΑΜΑ,89,0
Ευβοίας,Μ-Λ ΚΚΕ,75,52
Ευβοίας,ΟΑΚΚΕ,30,0
Ευβοίας,Ο.Κ.Δ.Ε.,24,28
Ευβοίας,ΕΛΛΗΝΙΚΟ ΟΡΑΜΑ,0,0
Ευβοίας,ΝΕΑ ΔΟΜΗ,0,0
Ευβοίας,Δημοσθένης Βεργής ΕΛΛΗΝΕΣ ΟΙΚΟΛΟΓΟΙ,0,0
Ευβοίας,SOCIAL,0,0
Ευβοίας,Ανεξάρτητοι,0,0
Ευβοίας,ΕΓΓΕΓΡΑΜΜΕΝΟΙ,199758,-
Ευβοίας,ΑΚΥΡΑ,2437,-
Ευβοίας,ΛΕΥΚΑ,654,-
Ευβοίας,ΕΓΚΥΡΑ,125154,-
Ευβοίας,ΣΥΜΜΕΤΟΧΗ,128245,-
Α' Πειραιώς,ΝΔ,51810,44160
Α' Πειραιώς,ΣΥΡΙΖΑ-ΠΣ,19411,30011
Α' Πειραιώς,ΚΚΕ,7940,5564
Α' Πειραιώς,ΠΑΣΟΚ-Κίνημα Αλλαγής,6328,4986
Α' Πειραιώς,ΠΛΕΥΣΗ ΕΛΕΥΘΕΡΙΑΣ-ΖΩΗ ΚΩΝΣΤΑΝΤΟΠΟΥΛΟΥ,3851,1713
Α' Πειραιώς,ΕΛΛΗΝΙΚΗ ΛΥΣΗ,3730,3419
Α' Πειραιώς,ΜέΡΑ25,2742,3916
Α' Πειραιώς,ΝΙΚΗ,2407,0
Α' Πειραιώς,ΣΥΜΜΑΧΙΑ ΑΝΑΤΡΟΠΗΣ,990,0
Α' Πειραιώς,Οικολόγοι ΠΡΑΣΙΝΟΙ - ΠΡΑΣΙΝΗ  ΕΝΟΤΗΤΑ,908,0
Α' Πειραιώς,ΚΙΝΗΜΑ ΦΤΩΧΩΝ ΕΛΛΑΔΟΣ,784,0
Α' Πειραιώς,ΕΘΝΙΚΗ ΔΗΜΙΟΥΡΓΙΑ,694,637
Α' Πειραιώς,ΑΝΤ.ΑΡ.ΣΥ.Α.,662,458
Α' Πειραιώς,ΕΛΕΥΘΕΡΟΙ ΞΑΝΑ,632,0
Α' Πειραιώς,Κίνημα 21,598,0
Α' Πειραιώς,ΕΝΩΣΗ ΚΕΝΤΡΩΩΝ,547,1613
Α' Πειραιώς,ΕΝΩΝΩ ΣΥΜΜΑΧΙΑ ΕΛΕΥΘΕΡΙΑΣ,465,0
Α' Πειραιώς,ΠΝΟΗ ΔΗΜΟΚΡΑΤΙΑΣ,465,0
Α' Πειραιώς,ΕΑΝ...,289,0
Α' Πειραιώς,ΚΚΕ (μ-λ),262,113
Α' Πειραιώς,ΠΡΑΣΙΝΟ ΚΙΝΗΜΑ,233,0
Α' Πειραιώς,ΕΝΟΤΗΤΑ - ΑΛΗΘΕΙΑ ΕΝ.Α,195,0
Α' Πειραιώς,Τ.ΟΛ.ΜΑ,188,0
Α' Πειραιώς,ΕΛΛΗΝΩΝ ΣΥΝΕΛΕΥΣΙΣ,164,153
Α' Πειραιώς,ΠΟΛΙΤΙΚΗ ΠΡΩΤΟΒΟΥΛΙΑ,110,0
Α' Πειραιώς,ΚΟΙΝΩΝΙΑ ΑΞΙΩΝ - ΦΙΛΕΛΕΥΘΕΡΗ ΣΥΜΜΑΧΙΑ,102,0
Α' Πειραιώς,Μ-Λ ΚΚΕ,98,49
Α' Πειραιώς,ΒΟΡΕΙΑ ΛΕΓΚΑ - ΚΡΑΜΑ,51,0
Α' Πειραιώς,ΟΑΚΚΕ,26,0
Α' Πειραιώς,Ο.Κ.Δ.Ε.,25,21
Α' Πειραιώς,ΕΛΛΗΝΙΚΟ ΟΡΑΜΑ,0,0
Α' Πειραιώς,ΝΕΑ ΔΟΜΗ,0,0
Α' Πειραιώς,Κ.Ο.Τ.Ε.Σ.,0,0
Α' Πειραιώς,Δημοσθένης Βεργής ΕΛΛΗΝΕΣ ΟΙΚΟΛΟΓΟΙ,0,0
Α' Πειραιώς,SOCIAL,0,0
Α' Πειραιώς,Ανεξάρτητοι,0,0
Α' Πειραιώς,ΕΓΓΕΓΡΑΜΜΕΝΟΙ,188525,-
Α' Πειραιώς,ΑΚΥΡΑ,2370,-
Α' Πειραιώς,ΛΕΥΚΑ,647,-
Α' Πειραιώς,ΕΓΚΥΡΑ,106704,-
Α' Πειραιώς,ΣΥΜΜΕΤΟΧΗ,109722,-
Κορινθίας,ΝΔ,35885,35173
Κορινθίας,ΣΥΡΙΖΑ-ΠΣ,17122,25856
Κορινθίας,ΠΑΣΟΚ-Κίνημα Αλλαγής,12200,7129
Κορινθίας,ΚΚΕ,3570,2357
Κορινθίας,ΕΛΛΗΝΙΚΗ ΛΥΣΗ,3426,3455
Κορινθίας,ΝΙΚΗ,3086,0
Κορινθίας,ΠΛΕΥΣΗ ΕΛΕΥΘΕΡΙΑΣ-ΖΩΗ ΚΩΝΣΤΑΝΤΟΠΟΥΛΟΥ,2369,1288
Κορινθίας,ΜέΡΑ25,2124,3095
Κορινθίας,ΣΥΜΜΑΧΙΑ ΑΝΑΤΡΟΠΗΣ,878,0
Κορινθίας,Οικολόγοι ΠΡΑΣΙΝΟΙ - ΠΡΑΣΙΝΗ  ΕΝΟΤΗΤΑ,684,0
Κορινθίας,ΕΝΩΝΩ ΣΥΜΜΑΧΙΑ ΕΛΕΥΘΕΡΙΑΣ,636,0
Κορινθίας,ΕΘΝΙΚΗ ΔΗΜΙΟΥΡΓΙΑ,625,625
Κορινθίας,Κίνημα 21,621,0
Κορινθίας,ΕΛΕΥΘΕΡΟΙ ΞΑΝΑ,489,0
Κορινθίας,ΑΝΤ.ΑΡ.ΣΥ.Α.,376,206
Κορινθίας,ΠΝΟΗ ΔΗΜΟΚΡΑΤΙΑΣ,378,0
Κορινθίας,ΕΝΩΣΗ ΚΕΝΤΡΩΩΝ,300,900
Κορινθίας,ΕΑΝ...,285,0
Κορινθίας,ΕΛΛΗΝΩΝ ΣΥΝΕΛΕΥΣΙΣ,283,347
Κορινθίας,Τ.ΟΛ.ΜΑ,163,0
Κορινθίας,ΒΟΡΕΙΑ ΛΕΓΚΑ - ΚΡΑΜΑ,154,0
Κορινθίας,ΕΝΟΤΗΤΑ - ΑΛΗΘΕΙΑ ΕΝ.Α,142,0
Κορινθίας,ΚΟΙΝΩΝΙΑ ΑΞΙΩΝ - ΦΙΛΕΛΕΥΘΕΡΗ ΣΥΜΜΑΧΙΑ,131,0
Κορινθίας,ΚΚΕ (μ-λ),113,82
Κορινθίας,ΠΟΛΙΤΙΚΗ ΠΡΩΤΟΒΟΥΛΙΑ,112,0
Κορινθίας,Μ-Λ ΚΚΕ,55,30
Κορινθίας,Ο.Κ.Δ.Ε.,36,17
Κορινθίας,ΟΑΚΚΕ,9,0
Κορινθίας,ΚΙΝΗΜΑ ΦΤΩΧΩΝ ΕΛΛΑΔΟΣ,0,0
Κορινθίας,ΕΛΛΗΝΙΚΟ ΟΡΑΜΑ,0,0
Κορινθίας,ΝΕΑ ΔΟΜΗ,0,0
Κορινθίας,Κ.Ο.Τ.Ε.Σ.,0,0
Κορινθίας,Δημοσθένης Βεργής ΕΛΛΗΝΕΣ ΟΙΚΟΛΟΓΟΙ,0,0
Κορινθίας,SOCIAL,0,0
Κορινθίας,ΠΡΑΣΙΝΟ ΚΙΝΗΜΑ,0,0
Κορινθίας,Ανεξάρτητοι,0,3
Κορινθίας,ΕΓΓΕΓΡΑΜΜΕΝΟΙ,139550,-
Κορινθίας,ΑΚΥΡΑ,1941,-
Κορινθίας,ΛΕΥΚΑ,443,-
Κορινθίας,ΕΓΚΥΡΑ,86258,-
Κορινθίας,ΣΥΜΜΕΤΟΧΗ,88642,-
Αργολίδος,ΝΔ,25360,25024
Αργολίδος,ΣΥΡΙΖΑ-ΠΣ,10342,14400
Αργολίδος,ΠΑΣΟΚ-Κίνημα Αλλαγής,9083,8548
Αργολίδος,ΚΚΕ,2980,2052
Αργολίδος,ΕΛΛΗΝΙΚΗ ΛΥΣΗ,2112,1871
Αργολίδος,ΜέΡΑ25,1705,1799
Αργολίδος,ΝΙΚΗ,1662,0
Αργολίδος,ΠΛΕΥΣΗ ΕΛΕΥΘΕΡΙΑΣ-ΖΩΗ ΚΩΝΣΤΑΝΤΟΠΟΥΛΟΥ,1328,664
Αργολίδος,Κίνημα 21,491,0
Αργολίδος,ΣΥΜΜΑΧΙΑ ΑΝΑΤΡΟΠΗΣ,385,0
Αργολίδος,ΕΘΝΙΚΗ ΔΗΜΙΟΥΡΓΙΑ,370,319
Αργολίδος,ΕΛΕΥΘΕΡΟΙ ΞΑΝΑ,301,0
Αργολίδος,ΑΝΤ.ΑΡ.ΣΥ.Α.,284,165
Αργολίδος,ΠΝΟΗ ΔΗΜΟΚΡΑΤΙΑΣ,281,0
Αργολίδος,ΕΝΩΝΩ ΣΥΜΜΑΧΙΑ ΕΛΕΥΘΕΡΙΑΣ,279,0
Αργολίδος,ΕΛΛΗΝΩΝ ΣΥΝΕΛΕΥΣΙΣ,278,317
Αργολίδος,ΕΝΩΣΗ ΚΕΝΤΡΩΩΝ,210,397
Αργολίδος,ΕΑΝ...,177,0
Αργολίδος,Τ.ΟΛ.ΜΑ,126,0
Αργολίδος,ΕΝΟΤΗΤΑ - ΑΛΗΘΕΙΑ ΕΝ.Α,111,0
Αργολίδος,ΠΟΛΙΤΙΚΗ ΠΡΩΤΟΒΟΥΛΙΑ,104,0
Αργολίδος,ΚΟΙΝΩΝΙΑ ΑΞΙΩΝ - ΦΙΛΕΛΕΥΘΕΡΗ ΣΥΜΜΑΧΙΑ,95,0
Αργολίδος,ΒΟΡΕΙΑ ΛΕΓΚΑ - ΚΡΑΜΑ,75,0
Αργολίδος,ΚΚΕ (μ-λ),55,60
Αργολίδος,Μ-Λ ΚΚΕ,40,36
Αργολίδος,Ο.Κ.Δ.Ε.,16,11
Αργολίδος,ΟΑΚΚΕ,8,0
Αργολίδος,ΚΙΝΗΜΑ ΦΤΩΧΩΝ ΕΛΛΑΔΟΣ,0,0
Αργολίδος,ΕΛΛΗΝΙΚΟ ΟΡΑΜΑ,0,0
Αργολίδος,ΝΕΑ ΔΟΜΗ,0,0
Αργολίδος,Κ.Ο.Τ.Ε.Σ.,0,0
Αργολίδος,Δημοσθένης Βεργής ΕΛΛΗΝΕΣ ΟΙΚΟΛΟΓΟΙ,0,0
Αργολίδος,SOCIAL,0,0
Αργολίδος,ΠΡΑΣΙΝΟ ΚΙΝΗΜΑ,0,0
Αργολίδος,Οικολόγοι ΠΡΑΣΙΝΟΙ - ΠΡΑΣΙΝΗ  ΕΝΟΤΗΤΑ,0,0
Αργολίδος,Ανεξάρτητοι,0,0
Αργολίδος,ΕΓΓΕΓΡΑΜΜΕΝΟΙ,94116,-
Αργολίδος,ΑΚΥΡΑ,1128,-
Αργολίδος,ΛΕΥΚΑ,298,-
Αργολίδος,ΕΓΚΥΡΑ,58253,-
Αργολίδος,ΣΥΜΜΕΤΟΧΗ,59679,-
Λακωνίας,ΝΔ,25652,26432
Λακωνίας,ΠΑΣΟΚ-Κίνημα Αλλαγής,7836,7621
Λακωνίας,ΣΥΡΙΖΑ-ΠΣ,7120,10397
Λακωνίας,ΚΚΕ,2665,1893
Λακωνίας,ΕΛΛΗΝΙΚΗ ΛΥΣΗ,2004,1690
Λακωνίας,ΠΛΕΥΣΗ ΕΛΕΥΘΕΡΙΑΣ-ΖΩΗ ΚΩΝΣΤΑΝΤΟΠΟΥΛΟΥ,1339,532
Λακωνίας,ΝΙΚΗ,869,0
Λακωνίας,ΜέΡΑ25,854,1064
Λακωνίας,ΕΝΩΝΩ ΣΥΜΜΑΧΙΑ ΕΛΕΥΘΕΡΙΑΣ,718,0
Λακωνίας,ΕΘΝΙΚΗ ΔΗΜΙΟΥΡΓΙΑ,309,218
Λακωνίας,Κίνημα 21,286,0
Λακωνίας,ΣΥΜΜΑΧΙΑ ΑΝΑΤΡΟΠΗΣ,276,0
Λακωνίας,ΕΛΛΗΝΩΝ ΣΥΝΕΛΕΥΣΙΣ,262,243
Λακωνίας,ΠΝΟΗ ΔΗΜΟΚΡΑΤΙΑΣ,220,0
Λακωνίας,ΑΝΤ.ΑΡ.ΣΥ.Α.,204,141
Λακωνίας,ΕΑΝ...,163,0
Λακωνίας,ΠΡΑΣΙΝΟ ΚΙΝΗΜΑ,138,0
Λακωνίας,Τ.ΟΛ.ΜΑ,130,0
Λακωνίας,ΕΝΩΣΗ ΚΕΝΤΡΩΩΝ,116,322
Λακωνίας,ΕΝΟΤΗΤΑ - ΑΛΗΘΕΙΑ ΕΝ.Α,106,0
Λακωνίας,ΚΚΕ (μ-λ),66,31
Λακωνίας,ΠΟΛΙΤΙΚΗ ΠΡΩΤΟΒΟΥΛΙΑ,53,0
Λακωνίας,ΒΟΡΕΙΑ ΛΕΓΚΑ - ΚΡΑΜΑ,53,0
Λακωνίας,ΚΟΙΝΩΝΙΑ ΑΞΙΩΝ - ΦΙΛΕΛΕΥΘΕΡΗ ΣΥΜΜΑΧΙΑ,49,0
Λακωνίας,Μ-Λ ΚΚΕ,30,19
Λακωνίας,Ο.Κ.Δ.Ε.,11,8
Λακωνίας,ΟΑΚΚΕ,5,0
Λακωνίας,ΚΙΝΗΜΑ ΦΤΩΧΩΝ ΕΛΛΑΔΟΣ,0,0
Λακωνίας,ΕΛΛΗΝΙΚΟ ΟΡΑΜΑ,0,0
Λακωνίας,ΝΕΑ ΔΟΜΗ,0,0
Λακωνίας,ΕΛΕΥΘΕΡΟΙ ΞΑΝΑ,0,0
Λακωνίας,Κ.Ο.Τ.Ε.Σ.,0,0
Λακωνίας,Δημοσθένης Βεργής ΕΛΛΗΝΕΣ ΟΙΚΟΛΟΓΟΙ,0,0
Λακωνίας,SOCIAL,0,0
Λακωνίας,Οικολόγοι ΠΡΑΣΙΝΟΙ - ΠΡΑΣΙΝΗ  ΕΝΟΤΗΤΑ,0,0
Λακωνίας,Ανεξάρτητοι,0,0
Λακωνίας,ΕΓΓΕΓΡΑΜΜΕΝΟΙ,121801,-
Λακωνίας,ΑΚΥΡΑ,837,-
Λακωνίας,ΛΕΥΚΑ,268,-
Λακωνίας,ΕΓΚΥΡΑ,51537,-
Λακωνίας,ΣΥΜΜΕΤΟΧΗ,52642,-
Λέσβου,ΝΔ,23239,22674
Λέσβου,ΣΥΡΙΖΑ-ΠΣ,9131,16868
Λέσβου,ΠΑΣΟΚ-Κίνημα Αλλαγής,8339,4986
Λέσβου,ΚΚΕ,7456,5839
Λέσβου,ΕΛΛΗΝΙΚΗ ΛΥΣΗ,1964,1523
Λέσβου,ΝΙΚΗ,1241,0
Λέσβου,ΜέΡΑ25,1057,1311
Λέσβου,ΠΛΕΥΣΗ ΕΛΕΥΘΕΡΙΑΣ-ΖΩΗ ΚΩΝΣΤΑΝΤΟΠΟΥΛΟΥ,1015,606
Λέσβου,ΣΥΜΜΑΧΙΑ ΑΝΑΤΡΟΠΗΣ,875,0
Λέσβου,ΕΝΩΝΩ ΣΥΜΜΑΧΙΑ ΕΛΕΥΘΕΡΙΑΣ,462,0
Λέσβου,ΕΘΝΙΚΗ ΔΗΜΙΟΥΡΓΙΑ,354,374
Λέσβου,Κίνημα 21,298,0
Λέσβου,ΠΡΑΣΙΝΟ ΚΙΝΗΜΑ,242,0
Λέσβου,ΕΝΩΣΗ ΚΕΝΤΡΩΩΝ,234,699
Λέσβου,ΑΝΤ.ΑΡ.ΣΥ.Α.,224,199
Λέσβου,Τ.ΟΛ.ΜΑ,204,0
Λέσβου,ΠΝΟΗ ΔΗΜΟΚΡΑΤΙΑΣ,197,0
Λέσβου,ΕΑΝ...,198,0
Λέσβου,ΕΝΟΤΗΤΑ - ΑΛΗΘΕΙΑ ΕΝ.Α,177,0
Λέσβου,ΚΚΕ (μ-λ),142,117
Λέσβου,ΒΟΡΕΙΑ ΛΕΓΚΑ - ΚΡΑΜΑ,88,0
Λέσβου,ΕΛΛΗΝΩΝ ΣΥΝΕΛΕΥΣΙΣ,85,65
Λέσβου,Μ-Λ ΚΚΕ,64,43
Λέσβου,ΚΟΙΝΩΝΙΑ ΑΞΙΩΝ - ΦΙΛΕΛΕΥΘΕΡΗ ΣΥΜΜΑΧΙΑ,60,0
Λέσβου,Ο.Κ.Δ.Ε.,15,42
Λέσβου,ΟΑΚΚΕ,8,0
Λέσβου,ΚΙΝΗΜΑ ΦΤΩΧΩΝ ΕΛΛΑΔΟΣ,0,0
Λέσβου,ΕΛΛΗΝΙΚΟ ΟΡΑΜΑ,0,0
Λέσβου,ΝΕΑ ΔΟΜΗ,0,0
Λέσβου,ΠΟΛΙΤΙΚΗ ΠΡΩΤΟΒΟΥΛΙΑ,0,0
Λέσβου,ΕΛΕΥΘΕΡΟΙ ΞΑΝΑ,0,0
Λέσβου,Κ.Ο.Τ.Ε.Σ.,0,0
Λέσβου,Δημοσθένης Βεργής ΕΛΛΗΝΕΣ ΟΙΚΟΛΟΓΟΙ,0,0
Λέσβου,SOCIAL,0,0
Λέσβου,Οικολόγοι ΠΡΑΣΙΝΟΙ - ΠΡΑΣΙΝΗ  ΕΝΟΤΗΤΑ,0,0
Λέσβου,Ανεξάρτητοι,0,0
Λέσβου,ΕΓΓΕΓΡΑΜΜΕΝΟΙ,126463,-
Λέσβου,ΑΚΥΡΑ,1313,-
Λέσβου,ΛΕΥΚΑ,449,-
Λέσβου,ΕΓΚΥΡΑ,57372,-
Λέσβου,ΣΥΜΜΕΤΟΧΗ,59134,-
Χίου,ΝΔ,14349,13894
Χίου,ΠΑΣΟΚ-Κίνημα Αλλαγής,6001,4548
Χίου,ΣΥΡΙΖΑ-ΠΣ,3845,6739
Χίου,ΚΚΕ,2110,1454
Χίου,ΕΛΛΗΝΙΚΗ ΛΥΣΗ,936,739
Χίου,ΠΛΕΥΣΗ ΕΛΕΥΘΕΡΙΑΣ-ΖΩΗ ΚΩΝΣΤΑΝΤΟΠΟΥΛΟΥ,697,415
Χίου,ΜέΡΑ25,692,880
Χίου,ΝΙΚΗ,536,0
Χίου,ΕΝΩΝΩ ΣΥΜΜΑΧΙΑ ΕΛΕΥΘΕΡΙΑΣ,327,0
Χίου,ΕΘΝΙΚΗ ΔΗΜΙΟΥΡΓΙΑ,227,147
Χίου,ΣΥΜΜΑΧΙΑ ΑΝΑΤΡΟΠΗΣ,189,0
Χίου,ΠΡΑΣΙΝΟ ΚΙΝΗΜΑ,155,0
Χίου,ΕΝΩΣΗ ΚΕΝΤΡΩΩΝ,150,385
Χίου,Κίνημα 21,136,0
Χίου,ΕΛΕΥΘΕΡΟΙ ΞΑΝΑ,113,0
Χίου,ΠΝΟΗ ΔΗΜΟΚΡΑΤΙΑΣ,106,0
Χίου,ΑΝΤ.ΑΡ.ΣΥ.Α.,101,61
Χίου,ΕΝΟΤΗΤΑ - ΑΛΗΘΕΙΑ ΕΝ.Α,99,0
Χίου,ΠΟΛΙΤΙΚΗ ΠΡΩΤΟΒΟΥΛΙΑ,88,0
Χίου,Τ.ΟΛ.ΜΑ,72,0
Χίου,ΕΛΛΗΝΩΝ ΣΥΝΕΛΕΥΣΙΣ,50,32
Χίου,ΚΟΙΝΩΝΙΑ ΑΞΙΩΝ - ΦΙΛΕΛΕΥΘΕΡΗ ΣΥΜΜΑΧΙΑ,43,0
Χίου,ΚΚΕ (μ-λ),42,18
Χίου,Ο.Κ.Δ.Ε.,14,11
Χίου,Μ-Λ ΚΚΕ,12,17
Χίου,ΒΟΡΕΙΑ ΛΕΓΚΑ - ΚΡΑΜΑ,9,0
Χίου,ΚΙΝΗΜΑ ΦΤΩΧΩΝ ΕΛΛΑΔΟΣ,0,0
Χίου,ΕΛΛΗΝΙΚΟ ΟΡΑΜΑ,0,0
Χίου,ΟΑΚΚΕ,0,0
Χίου,ΝΕΑ ΔΟΜΗ,0,0
Χίου,Κ.Ο.Τ.Ε.Σ.,0,0
Χίου,Δημοσθένης Βεργής ΕΛΛΗΝΕΣ ΟΙΚΟΛΟΓΟΙ,0,0
Χίου,SOCIAL,0,0
Χίου,Οικολόγοι ΠΡΑΣΙΝΟΙ - ΠΡΑΣΙΝΗ  ΕΝΟΤΗΤΑ,0,0
Χίου,ΕΑΝ...,0,0
Χίου,Ανεξάρτητοι,0,0
Χίου,ΕΓΓΕΓΡΑΜΜΕΝΟΙ,62830,-
Χίου,ΑΚΥΡΑ,665,-
Χίου,ΛΕΥΚΑ,224,-
Χίου,ΕΓΚΥΡΑ,31098,-
Χίου,ΣΥΜΜΕΤΟΧΗ,31987,-
Σάμου,ΝΔ,8845,8345
Σάμου,ΣΥΡΙΖΑ-ΠΣ,4261,7111
Σάμου,ΚΚΕ,4001,3537
Σάμου,ΠΑΣΟΚ-Κίνημα Αλλαγής,2163,1674
Σάμου,ΕΛΛΗΝΙΚΗ ΛΥΣΗ,1490,806
Σάμου,ΠΛΕΥΣΗ ΕΛΕΥΘΕΡΙΑΣ-ΖΩΗ ΚΩΝΣΤΑΝΤΟΠΟΥΛΟΥ,609,472
Σάμου,ΜέΡΑ25,592,687
Σάμου,ΝΙΚΗ,349,0
Σάμου,ΣΥΜΜΑΧΙΑ ΑΝΑΤΡΟΠΗΣ,204,0
Σάμου,ΚΚΕ (μ-λ),178,113
Σάμου,ΕΝΩΝΩ ΣΥΜΜΑΧΙΑ ΕΛΕΥΘΕΡΙΑΣ,183,0
Σάμου,Οικολόγοι ΠΡΑΣΙΝΟΙ - ΠΡΑΣΙΝΗ  ΕΝΟΤΗΤΑ,153,0
Σάμου,ΕΘΝΙΚΗ ΔΗΜΙΟΥΡΓΙΑ,141,122
Σάμου,ΑΝΤ.ΑΡ.ΣΥ.Α.,144,96
Σάμου,Κίνημα 21,128,0
Σάμου,ΕΛΕΥΘΕΡΟΙ ΞΑΝΑ,128,0
Σάμου,ΚΙΝΗΜΑ ΦΤΩΧΩΝ ΕΛΛΑΔΟΣ,107,0
Σάμου,ΕΑΝ...,88,0
Σάμου,ΠΝΟΗ ΔΗΜΟΚΡΑΤΙΑΣ,86,0
Σάμου,ΕΛΛΗΝΩΝ ΣΥΝΕΛΕΥΣΙΣ,68,136
Σάμου,ΕΝΩΣΗ ΚΕΝΤΡΩΩΝ,65,216
Σάμου,Μ-Λ ΚΚΕ,53,39
Σάμου,Τ.ΟΛ.ΜΑ,42,0
Σάμου,ΕΝΟΤΗΤΑ - ΑΛΗΘΕΙΑ ΕΝ.Α,32,0
Σάμου,ΠΡΑΣΙΝΟ ΚΙΝΗΜΑ,32,0
Σάμου,ΠΟΛΙΤΙΚΗ ΠΡΩΤΟΒΟΥΛΙΑ,26,0
Σάμου,ΚΟΙΝΩΝΙΑ ΑΞΙΩΝ - ΦΙΛΕΛΕΥΘΕΡΗ ΣΥΜΜΑΧΙΑ,21,0
Σάμου,ΒΟΡΕΙΑ ΛΕΓΚΑ - ΚΡΑΜΑ,14,0
Σάμου,Ο.Κ.Δ.Ε.,5,10
Σάμου,ΟΑΚΚΕ,10,0
Σάμου,ΕΛΛΗΝΙΚΟ ΟΡΑΜΑ,0,0
Σάμου,ΝΕΑ ΔΟΜΗ,0,0
Σάμου,Κ.Ο.Τ.Ε.Σ.,0,0
Σάμου,Δημοσθένης Βεργής ΕΛΛΗΝΕΣ ΟΙΚΟΛΟΓΟΙ,0,0
Σάμου,SOCIAL,0,0
Σάμου,Ανεξάρτητοι,0,0
Σάμου,ΕΓΓΕΓΡΑΜΜΕΝΟΙ,51081,-
Σάμου,ΑΚΥΡΑ,590,-
Σάμου,ΛΕΥΚΑ,198,-
Σάμου,ΕΓΚΥΡΑ,24217,-
Σάμου,ΣΥΜΜΕΤΟΧΗ,25004,-
Κυκλάδων,ΝΔ,35093,31370
Κυκλάδων,ΣΥΡΙΖΑ-ΠΣ,11772,20403
Κυκλάδων,ΠΑΣΟΚ-Κίνημα Αλλαγής,8324,6138
Κυκλάδων,ΚΚΕ,4155,3027
Κυκλάδων,ΕΛΛΗΝΙΚΗ ΛΥΣΗ,2684,2078
Κυκλάδων,ΜέΡΑ25,2126,2953
Κυκλάδων,ΠΛΕΥΣΗ ΕΛΕΥΘΕΡΙΑΣ-ΖΩΗ ΚΩΝΣΤΑΝΤΟΠΟΥΛΟΥ,2121,1335
Κυκλάδων,ΝΙΚΗ,1652,0
Κυκλάδων,ΕΝΩΝΩ ΣΥΜΜΑΧΙΑ ΕΛΕΥΘΕΡΙΑΣ,965,0
Κυκλάδων,Οικολόγοι ΠΡΑΣΙΝΟΙ - ΠΡΑΣΙΝΗ  ΕΝΟΤΗΤΑ,734,0
Κυκλάδων,ΣΥΜΜΑΧΙΑ ΑΝΑΤΡΟΠΗΣ,674,0
Κυκλάδων,ΕΘΝΙΚΗ ΔΗΜΙΟΥΡΓΙΑ,483,485
Κυκλάδων,Κίνημα 21,401,0
Κυκλάδων,ΕΛΕΥΘΕΡΟΙ ΞΑΝΑ,382,0
Κυκλάδων,ΑΝΤ.ΑΡ.ΣΥ.Α.,341,300
Κυκλάδων,ΕΝΩΣΗ ΚΕΝΤΡΩΩΝ,318,995
Κυκλάδων,ΠΝΟΗ ΔΗΜΟΚΡΑΤΙΑΣ,254,0
Κυκλάδων,ΕΑΝ...,239,0
Κυκλάδων,Τ.ΟΛ.ΜΑ,234,0
Κυκλάδων,ΠΡΑΣΙΝΟ ΚΙΝΗΜΑ,204,0
Κυκλάδων,ΕΝΟΤΗΤΑ - ΑΛΗΘΕΙΑ ΕΝ.Α,146,0
Κυκλάδων,ΕΛΛΗΝΩΝ ΣΥΝΕΛΕΥΣΙΣ,117,167
Κυκλάδων,ΚΚΕ (μ-λ),93,85
Κυκλάδων,ΚΟΙΝΩΝΙΑ ΑΞΙΩΝ - ΦΙΛΕΛΕΥΘΕΡΗ ΣΥΜΜΑΧΙΑ,76,0
Κυκλάδων,ΠΟΛΙΤΙΚΗ ΠΡΩΤΟΒΟΥΛΙΑ,70,0
Κυκλάδων,ΒΟΡΕΙΑ ΛΕΓΚΑ - ΚΡΑΜΑ,61,0
Κυκλάδων,Μ-Λ ΚΚΕ,52,37
Κυκλάδων,ΟΑΚΚΕ,22,0
Κυκλάδων,Ο.Κ.Δ.Ε.,13,33
Κυκλάδων,ΚΙΝΗΜΑ ΦΤΩΧΩΝ ΕΛΛΑΔΟΣ,0,0
Κυκλάδων,ΕΛΛΗΝΙΚΟ ΟΡΑΜΑ,0,0
Κυκλάδων,ΝΕΑ ΔΟΜΗ,0,0
Κυκλάδων,Κ.Ο.Τ.Ε.Σ.,0,0
Κυκλάδων,Δημοσθένης Βεργής ΕΛΛΗΝΕΣ ΟΙΚΟΛΟΓΟΙ,0,0
Κυκλάδων,SOCIAL,0,0
Κυκλάδων,Ανεξάρτητοι,0,0
Κυκλάδων,ΕΓΓΕΓΡΑΜΜΕΝΟΙ,128071,-
Κυκλάδων,ΑΚΥΡΑ,1657,-
Κυκλάδων,ΛΕΥΚΑ,540,-
Κυκλάδων,ΕΓΚΥΡΑ,73806,-
Κυκλάδων,ΣΥΜΜΕΤΟΧΗ,76010,-
Δωδεκανήσου,ΝΔ,52241,40034
Δωδεκανήσου,ΣΥΡΙΖΑ-ΠΣ,15583,28826
Δωδεκανήσου,ΠΑΣΟΚ-Κίνημα Αλλαγής,14041,10059
Δωδεκανήσου,ΕΛΛΗΝΙΚΗ ΛΥΣΗ,4832,3754
Δωδεκανήσου,ΚΚΕ,4182,3099
Δωδεκανήσου,ΠΛΕΥΣΗ ΕΛΕΥΘΕΡΙΑΣ-ΖΩΗ ΚΩΝΣΤΑΝΤΟΠΟΥΛΟΥ,2925,1647
Δωδεκανήσου,ΝΙΚΗ,2320,0
Δωδεκανήσου,ΜέΡΑ25,1912,2917
Δωδεκανήσου,ΣΥΜΜΑΧΙΑ ΑΝΑΤΡΟΠΗΣ,790,0
Δωδεκανήσου,Οικολόγοι ΠΡΑΣΙΝΟΙ - ΠΡΑΣΙΝΗ  ΕΝΟΤΗΤΑ,742,0
Δωδεκανήσου,ΕΘΝΙΚΗ ΔΗΜΙΟΥΡΓΙΑ,650,672
Δωδεκανήσου,ΕΝΩΝΩ ΣΥΜΜΑΧΙΑ ΕΛΕΥΘΕΡΙΑΣ,589,0
Δωδεκανήσου,Κίνημα 21,567,0
Δωδεκανήσου,ΕΛΛΗΝΩΝ ΣΥΝΕΛΕΥΣΙΣ,463,392
Δωδεκανήσου,ΠΝΟΗ ΔΗΜΟΚΡΑΤΙΑΣ,459,0
Δωδεκανήσου,ΕΛΕΥΘΕΡΟΙ ΞΑΝΑ,435,0
Δωδεκανήσου,ΕΝΩΣΗ ΚΕΝΤΡΩΩΝ,315,995
Δωδεκανήσου,Τ.ΟΛ.ΜΑ,275,0
Δωδεκανήσου,ΚΙΝΗΜΑ ΦΤΩΧΩΝ ΕΛΛΑΔΟΣ,267,0
Δωδεκανήσου,ΑΝΤ.ΑΡ.ΣΥ.Α.,220,186
Δωδεκανήσου,ΕΝΟΤΗΤΑ - ΑΛΗΘΕΙΑ ΕΝ.Α,193,0
Δωδεκανήσου,ΠΡΑΣΙΝΟ ΚΙΝΗΜΑ,174,0
Δωδεκανήσου,ΠΟΛΙΤΙΚΗ ΠΡΩΤΟΒΟΥΛΙΑ,137,0
Δωδεκανήσου,ΚΚΕ (μ-λ),106,77
Δωδεκανήσου,ΚΟΙΝΩΝΙΑ ΑΞΙΩΝ - ΦΙΛΕΛΕΥΘΕΡΗ ΣΥΜΜΑΧΙΑ,88,0
Δωδεκανήσου,ΒΟΡΕΙΑ ΛΕΓΚΑ - ΚΡΑΜΑ,58,0
Δωδεκανήσου,Μ-Λ ΚΚΕ,38,32
Δωδεκανήσου,Ο.Κ.Δ.Ε.,20,15
Δωδεκανήσου,ΟΑΚΚΕ,12,0
Δωδεκανήσου,ΕΛΛΗΝΙΚΟ ΟΡΑΜΑ,0,0
Δωδεκανήσου,ΝΕΑ ΔΟΜΗ,0,0
Δωδεκανήσου,Κ.Ο.Τ.Ε.Σ.,0,0
Δωδεκανήσου,Δημοσθένης Βεργής ΕΛΛΗΝΕΣ ΟΙΚΟΛΟΓΟΙ,0,0
Δωδεκανήσου,SOCIAL,0,0
Δωδεκανήσου,ΕΑΝ...,0,0
Δωδεκανήσου,Ανεξάρτητοι,0,0
Δωδεκανήσου,ΕΓΓΕΓΡΑΜΜΕΝΟΙ,198908,-
Δωδεκανήσου,ΑΚΥΡΑ,2811,-
Δωδεκανήσου,ΛΕΥΚΑ,670,-
Δωδεκανήσου,ΕΓΚΥΡΑ,104645,-
Δωδεκανήσου,ΣΥΜΜΕΤΟΧΗ,108126,-
Χανίων,ΝΔ,36761,28842
Χανίων,ΣΥΡΙΖΑ-ΠΣ,18438,31644
Χανίων,ΠΑΣΟΚ-Κίνημα Αλλαγής,9751,5543
Χανίων,ΚΚΕ,6421,4251
Χανίων,ΕΛΛΗΝΙΚΗ ΛΥΣΗ,3097,2655
Χανίων,ΜέΡΑ25,2927,4110
Χανίων,ΠΛΕΥΣΗ ΕΛΕΥΘΕΡΙΑΣ-ΖΩΗ ΚΩΝΣΤΑΝΤΟΠΟΥΛΟΥ,2680,2048
Χανίων,ΝΙΚΗ,1732,0
Χανίων,ΣΥΜΜΑΧΙΑ ΑΝΑΤΡΟΠΗΣ,1071,0
Χανίων,Οικολόγοι ΠΡΑΣΙΝΟΙ - ΠΡΑΣΙΝΗ  ΕΝΟΤΗΤΑ,701,0
Χανίων,ΑΝΤ.ΑΡ.ΣΥ.Α.,618,438
Χανίων,Κίνημα 21,600,0
Χανίων,ΕΘΝΙΚΗ ΔΗΜΙΟΥΡΓΙΑ,589,583
Χανίων,ΕΝΩΝΩ ΣΥΜΜΑΧΙΑ ΕΛΕΥΘΕΡΙΑΣ,582,0
Χανίων,Κ.Ο.Τ.Ε.Σ.,457,0
Χανίων,ΚΚΕ (μ-λ),448,381
Χανίων,ΕΛΕΥΘΕΡΟΙ ΞΑΝΑ,422,0
Χανίων,ΠΝΟΗ ΔΗΜΟΚΡΑΤΙΑΣ,334,0
Χανίων,ΕΛΛΗΝΩΝ ΣΥΝΕΛΕΥΣΙΣ,330,367
Χανίων,Τ.ΟΛ.ΜΑ,308,0
Χανίων,ΕΝΩΣΗ ΚΕΝΤΡΩΩΝ,302,932
Χανίων,ΕΝΟΤΗΤΑ - ΑΛΗΘΕΙΑ ΕΝ.Α,187,0
Χανίων,ΕΑΝ...,176,0
Χανίων,ΠΡΑΣΙΝΟ ΚΙΝΗΜΑ,121,0
Χανίων,ΠΟΛΙΤΙΚΗ ΠΡΩΤΟΒΟΥΛΙΑ,89,0
Χανίων,ΚΟΙΝΩΝΙΑ ΑΞΙΩΝ - ΦΙΛΕΛΕΥΘΕΡΗ ΣΥΜΜΑΧΙΑ,74,0
Χανίων,Μ-Λ ΚΚΕ,42,32
Χανίων,ΒΟΡΕΙΑ ΛΕΓΚΑ - ΚΡΑΜΑ,29,0
Χανίων,Ο.Κ.Δ.Ε.,26,23
Χανίων,ΟΑΚΚΕ,11,0
Χανίων,ΚΙΝΗΜΑ ΦΤΩΧΩΝ ΕΛΛΑΔΟΣ,0,0
Χανίων,ΕΛΛΗΝΙΚΟ ΟΡΑΜΑ,0,0
Χανίων,ΝΕΑ ΔΟΜΗ,0,0
Χανίων,Δημοσθένης Βεργής ΕΛΛΗΝΕΣ ΟΙΚΟΛΟΓΟΙ,0,0
Χανίων,SOCIAL,0,0
Χανίων,Ανεξάρτητοι,0,0
Χανίων,ΕΓΓΕΓΡΑΜΜΕΝΟΙ,151702,-
Χανίων,ΑΚΥΡΑ,1946,-
Χανίων,ΛΕΥΚΑ,523,-
Χανίων,ΕΓΚΥΡΑ,89326,-
Χανίων,ΣΥΜΜΕΤΟΧΗ,91795,-
Ρεθύμνης,ΝΔ,18092,17018
Ρεθύμνης,ΠΑΣΟΚ-Κίνημα Αλλαγής,10471,4571
Ρεθύμνης,ΣΥΡΙΖΑ-ΠΣ,10255,17223
Ρεθύμνης,ΚΚΕ,2163,1552
Ρεθύμνης,ΝΙΚΗ,1201,0
Ρεθύμνης,ΠΛΕΥΣΗ ΕΛΕΥΘΕΡΙΑΣ-ΖΩΗ ΚΩΝΣΤΑΝΤΟΠΟΥΛΟΥ,1176,1049
Ρεθύμνης,ΕΛΛΗΝΙΚΗ ΛΥΣΗ,1025,1072
Ρεθύμνης,ΣΥΜΜΑΧΙΑ ΑΝΑΤΡΟΠΗΣ,1001,0
Ρεθύμνης,ΜέΡΑ25,985,1605
Ρεθύμνης,Κίνημα 21,442,0
Ρεθύμνης,Οικολόγοι ΠΡΑΣΙΝΟΙ - ΠΡΑΣΙΝΗ  ΕΝΟΤΗΤΑ,312,0
Ρεθύμνης,ΕΘΝΙΚΗ ΔΗΜΙΟΥΡΓΙΑ,223,336
Ρεθύμνης,ΠΝΟΗ ΔΗΜΟΚΡΑΤΙΑΣ,150,0
Ρεθύμνης,Τ.ΟΛ.ΜΑ,139,0
Ρεθύμνης,ΕΝΩΝΩ ΣΥΜΜΑΧΙΑ ΕΛΕΥΘΕΡΙΑΣ,141,0
Ρεθύμνης,ΕΝΩΣΗ ΚΕΝΤΡΩΩΝ,138,380
Ρεθύμνης,ΑΝΤ.ΑΡ.ΣΥ.Α.,136,106
Ρεθύμνης,ΕΝΟΤΗΤΑ - ΑΛΗΘΕΙΑ ΕΝ.Α,136,0
Ρεθύμνης,ΕΑΝ...,109,0
Ρεθύμνης,ΕΛΛΗΝΩΝ ΣΥΝΕΛΕΥΣΙΣ,98,180
Ρεθύμνης,ΠΡΑΣΙΝΟ ΚΙΝΗΜΑ,93,0
Ρεθύμνης,ΚΚΕ (μ-λ),77,46
Ρεθύμνης,ΒΟΡΕΙΑ ΛΕΓΚΑ - ΚΡΑΜΑ,75,0
Ρεθύμνης,ΚΟΙΝΩΝΙΑ ΑΞΙΩΝ - ΦΙΛΕΛΕΥΘΕΡΗ ΣΥΜΜΑΧΙΑ,45,0
Ρεθύμνης,ΠΟΛΙΤΙΚΗ ΠΡΩΤΟΒΟΥΛΙΑ,43,0
Ρεθύμνης,Μ-Λ ΚΚΕ,33,28
Ρεθύμνης,Ο.Κ.Δ.Ε.,9,9
Ρεθύμνης,ΚΙΝΗΜΑ ΦΤΩΧΩΝ ΕΛΛΑΔΟΣ,0,0
Ρεθύμνης,ΕΛΛΗΝΙΚΟ ΟΡΑΜΑ,0,0
Ρεθύμνης,ΟΑΚΚΕ,0,0
Ρεθύμνης,ΝΕΑ ΔΟΜΗ,0,0
Ρεθύμνης,ΕΛΕΥΘΕΡΟΙ ΞΑΝΑ,0,0
Ρεθύμνης,Κ.Ο.Τ.Ε.Σ.,0,0
Ρεθύμνης,Δημοσθένης Βεργής ΕΛΛΗΝΕΣ ΟΙΚΟΛΟΓΟΙ,0,0
Ρεθύμνης,SOCIAL,0,0
Ρεθύμνης,Ανεξάρτητοι,0,219
Ρεθύμνης,ΕΓΓΕΓΡΑΜΜΕΝΟΙ,73489,-
Ρεθύμνης,ΑΚΥΡΑ,787,-
Ρεθύμνης,ΛΕΥΚΑ,269,-
Ρεθύμνης,ΕΓΚΥΡΑ,48769,-
Ρεθύμνης,ΣΥΜΜΕΤΟΧΗ,49826,-
Ηρακλείου,ΝΔ,63308,51579
Ηρακλείου,ΣΥΡΙΖΑ-ΠΣ,40938,73940
Ηρακλείου,ΠΑΣΟΚ-Κίνημα Αλλαγής,38925,19471
Ηρακλείου,ΚΚΕ,9132,6109
Ηρακλείου,ΜέΡΑ25,5171,6902
Ηρακλείου,ΕΛΛΗΝΙΚΗ ΛΥΣΗ,4009,3732
Ηρακλείου,ΠΛΕΥΣΗ ΕΛΕΥΘΕΡΙΑΣ-ΖΩΗ ΚΩΝΣΤΑΝΤΟΠΟΥΛΟΥ,3137,1703
Ηρακλείου,ΝΙΚΗ,2399,0
Ηρακλείου,ΣΥΜΜΑΧΙΑ ΑΝΑΤΡΟΠΗΣ,2120,0
Ηρακλείου,Οικολόγοι ΠΡΑΣΙΝΟΙ - ΠΡΑΣΙΝΗ  ΕΝΟΤΗΤΑ,1160,0
Ηρακλείου,ΕΘΝΙΚΗ ΔΗΜΙΟΥΡΓΙΑ,1032,996
Ηρακλείου,Κίνημα 21,937,0
Ηρακλείου,Τ.ΟΛ.ΜΑ,819,0
Ηρακλείου,ΕΝΩΝΩ ΣΥΜΜΑΧΙΑ ΕΛΕΥΘΕΡΙΑΣ,642,0
Ηρακλείου,ΕΛΕΥΘΕΡΟΙ ΞΑΝΑ,612,0
Ηρακλείου,ΑΝΤ.ΑΡ.ΣΥ.Α.,587,484
Ηρακλείου,ΠΝΟΗ ΔΗΜΟΚΡΑΤΙΑΣ,538,0
Ηρακλείου,Κ.Ο.Τ.Ε.Σ.,457,0
Ηρακλείου,ΕΝΩΣΗ ΚΕΝΤΡΩΩΝ,423,1384
Ηρακλείου,ΕΛΛΗΝΩΝ ΣΥΝΕΛΕΥΣΙΣ,415,463
Ηρακλείου,ΚΙΝΗΜΑ ΦΤΩΧΩΝ ΕΛΛΑΔΟΣ,301,0
Ηρακλείου,ΠΡΑΣΙΝΟ ΚΙΝΗΜΑ,291,0
Ηρακλείου,ΚΚΕ (μ-λ),288,179
Ηρακλείου,ΕΑΝ...,258,0
Ηρακλείου,ΕΝΟΤΗΤΑ - ΑΛΗΘΕΙΑ ΕΝ.Α,189,0
Ηρακλείου,ΚΟΙΝΩΝΙΑ ΑΞΙΩΝ - ΦΙΛΕΛΕΥΘΕΡΗ ΣΥΜΜΑΧΙΑ,147,0
Ηρακλείου,ΠΟΛΙΤΙΚΗ ΠΡΩΤΟΒΟΥΛΙΑ,105,0
Ηρακλείου,Μ-Λ ΚΚΕ,63,45
Ηρακλείου,ΒΟΡΕΙΑ ΛΕΓΚΑ - ΚΡΑΜΑ,56,0
Ηρακλείου,ΟΑΚΚΕ,23,0
Ηρακλείου,Ο.Κ.Δ.Ε.,20,18
Ηρακλείου,ΕΛΛΗΝΙΚΟ ΟΡΑΜΑ,0,0
Ηρακλείου,ΝΕΑ ΔΟΜΗ,0,0
Ηρακλείου,Δημοσθένης Βεργής ΕΛΛΗΝΕΣ ΟΙΚΟΛΟΓΟΙ,0,0
Ηρακλείου,SOCIAL,0,0
Ηρακλείου,Ανεξάρτητοι,0,0
Ηρακλείου,ΕΓΓΕΓΡΑΜΜΕΝΟΙ,259430,-
Ηρακλείου,ΑΚΥΡΑ,3661,-
Ηρακλείου,ΛΕΥΚΑ,879,-
Ηρακλείου,ΕΓΚΥΡΑ,178514,-
Ηρακλείου,ΣΥΜΜΕΤΟΧΗ,183054,-
Λασιθίου,ΝΔ,17197,14276
Λασιθίου,ΠΑΣΟΚ-Κίνημα Αλλαγής,9239,6407
Λασιθίου,ΣΥΡΙΖΑ-ΠΣ,7637,14379
Λασιθίου,ΚΚΕ,2014,1217
Λασιθίου,ΜέΡΑ25,1163,1283
Λασιθίου,ΕΛΛΗΝΙΚΗ ΛΥΣΗ,1013,1098
Λασιθίου,ΠΛΕΥΣΗ ΕΛΕΥΘΕΡΙΑΣ-ΖΩΗ ΚΩΝΣΤΑΝΤΟΠΟΥΛΟΥ,961,550
Λασιθίου,ΝΙΚΗ,692,0
Λασιθίου,ΕΝΩΝΩ ΣΥΜΜΑΧΙΑ ΕΛΕΥΘΕΡΙΑΣ,571,0
Λασιθίου,ΣΥΜΜΑΧΙΑ ΑΝΑΤΡΟΠΗΣ,406,0
Λασιθίου,Οικολόγοι ΠΡΑΣΙΝΟΙ - ΠΡΑΣΙΝΗ  ΕΝΟΤΗΤΑ,358,0
Λασιθίου,ΕΘΝΙΚΗ ΔΗΜΙΟΥΡΓΙΑ,326,241
Λασιθίου,ΕΛΛΗΝΩΝ ΣΥΝΕΛΕΥΣΙΣ,250,315
Λασιθίου,Κίνημα 21,211,0
Λασιθίου,ΠΝΟΗ ΔΗΜΟΚΡΑΤΙΑΣ,164,0
Λασιθίου,ΑΝΤ.ΑΡ.ΣΥ.Α.,132,101
Λασιθίου,Τ.ΟΛ.ΜΑ,120,0
Λασιθίου,ΕΝΩΣΗ ΚΕΝΤΡΩΩΝ,113,392
Λασιθίου,ΠΡΑΣΙΝΟ ΚΙΝΗΜΑ,85,0
Λασιθίου,ΕΑΝ...,77,0
Λασιθίου,ΚΚΕ (μ-λ),76,63
Λασιθίου,ΚΟΙΝΩΝΙΑ ΑΞΙΩΝ - ΦΙΛΕΛΕΥΘΕΡΗ ΣΥΜΜΑΧΙΑ,74,0
Λασιθίου,Ο.Κ.Δ.Ε.,52,28
Λασιθίου,ΠΟΛΙΤΙΚΗ ΠΡΩΤΟΒΟΥΛΙΑ,40,0
Λασιθίου,Μ-Λ ΚΚΕ,28,26
Λασιθίου,ΒΟΡΕΙΑ ΛΕΓΚΑ - ΚΡΑΜΑ,14,0
Λασιθίου,ΚΙΝΗΜΑ ΦΤΩΧΩΝ ΕΛΛΑΔΟΣ,0,0
Λασιθίου,ΕΛΛΗΝΙΚΟ ΟΡΑΜΑ,0,0
Λασιθίου,ΟΑΚΚΕ,0,0
Λασιθίου,ΝΕΑ ΔΟΜΗ,0,0
Λασιθίου,ΕΛΕΥΘΕΡΟΙ ΞΑΝΑ,0,0
Λασιθίου,Κ.Ο.Τ.Ε.Σ.,0,0
Λασιθίου,Δημοσθένης Βεργής ΕΛΛΗΝΕΣ ΟΙΚΟΛΟΓΟΙ,0,0
Λασιθίου,SOCIAL,0,0
Λασιθίου,ΕΝΟΤΗΤΑ - ΑΛΗΘΕΙΑ ΕΝ.Α,0,0
Λασιθίου,Ανεξάρτητοι,0,0
Λασιθίου,ΕΓΓΕΓΡΑΜΜΕΝΟΙ,69256,-
Λασιθίου,ΑΚΥΡΑ,1055,-
Λασιθίου,ΛΕΥΚΑ,270,-
Λασιθίου,ΕΓΚΥΡΑ,43016,-
Λασιθίου,ΣΥΜΜΕΤΟΧΗ,44338,-
Εξωτερικού,ΝΔ,7686,0
Εξωτερικού,ΣΥΡΙΖΑ-ΠΣ,3434,0
Εξωτερικού,ΜέΡΑ25,1996,0
Εξωτερικού,ΚΚΕ,1935,0
Εξωτερικού,ΠΑΣΟΚ-Κίνημα Αλλαγής,1212,0
Εξωτερικού,ΕΘΝΙΚΗ ΔΗΜΙΟΥΡΓΙΑ,500,0
Εξωτερικού,ΠΛΕΥΣΗ ΕΛΕΥΘΕΡΙΑΣ-ΖΩΗ ΚΩΝΣΤΑΝΤΟΠΟΥΛΟΥ,426,0
Εξωτερικού,ΝΙΚΗ,273,0
Εξωτερικού,ΑΝΤ.ΑΡ.ΣΥ.Α.,214,0
Εξωτερικού,ΕΛΛΗΝΙΚΗ ΛΥΣΗ,156,0
Εξωτερικού,ΣΥΜΜΑΧΙΑ ΑΝΑΤΡΟΠΗΣ,150,0
Εξωτερικού,ΕΝΩΝΩ ΣΥΜΜΑΧΙΑ ΕΛΕΥΘΕΡΙΑΣ,50,0
Εξωτερικού,ΚΚΕ (μ-λ),0,0
Εξωτερικού,Ο.Κ.Δ.Ε.,0,0
Εξωτερικού,Κίνημα 21,0,0
Εξωτερικού,ΚΙΝΗΜΑ ΦΤΩΧΩΝ ΕΛΛΑΔΟΣ,0,0
Εξωτερικού,ΕΛΛΗΝΙΚΟ ΟΡΑΜΑ,0,0
Εξωτερικού,ΚΟΙΝΩΝΙΑ ΑΞΙΩΝ - ΦΙΛΕΛΕΥΘΕΡΗ ΣΥΜΜΑΧΙΑ,0,0
Εξωτερικού,ΒΟΡΕΙΑ ΛΕΓΚΑ - ΚΡΑΜΑ,0,0
Εξωτερικού,ΟΑΚΚΕ,0,0
Εξωτερικού,Μ-Λ ΚΚΕ,0,0
Εξωτερικού,ΕΛΛΗΝΩΝ ΣΥΝΕΛΕΥΣΙΣ,0,0
Εξωτερικού,ΕΝΩΣΗ ΚΕΝΤΡΩΩΝ,0,0
Εξωτερικού,Τ.ΟΛ.ΜΑ,0,0
Εξωτερικού,ΝΕΑ ΔΟΜΗ,0,0
Εξωτερικού,ΠΟΛΙΤΙΚΗ ΠΡΩΤΟΒΟΥΛΙΑ,0,0
Εξωτερικού,ΕΛΕΥΘΕΡΟΙ ΞΑΝΑ,0,0
Εξωτερικού,Κ.Ο.Τ.Ε.Σ.,0,0
Εξωτερικού,Δημοσθένης Βεργής ΕΛΛΗΝΕΣ ΟΙΚΟΛΟΓΟΙ,0,0
Εξωτερικού,SOCIAL,0,0
Εξωτερικού,ΠΝΟΗ ΔΗΜΟΚΡΑΤΙΑΣ,0,0
Εξωτερικού,ΠΡΑΣΙΝΟ ΚΙΝΗΜΑ,0,0
Εξωτερικού,Οικολόγοι ΠΡΑΣΙΝΟΙ - ΠΡΑΣΙΝΗ  ΕΝΟΤΗΤΑ,0,0
Εξωτερικού,ΕΑΝ...,0,0
Εξωτερικού,ΕΝΟΤΗΤΑ - ΑΛΗΘΕΙΑ ΕΝ.Α,0,0
Εξωτερικού,Ανεξάρτητοι,0,0
Εξωτερικού,ΕΓΓΕΓΡΑΜΜΕΝΟΙ,22858,-
Εξωτερικού,ΑΚΥΡΑ,53,-
Εξωτερικού,ΛΕΥΚΑ,118,-
Εξωτερικού,ΕΓΚΥΡΑ,18033,-
Εξωτερικού,ΣΥΜΜΕΤΟΧΗ,18204,-
Β3' Νότιου Τομέα Αθηνών,ΝΔ,165098,144645
Β3' Νότιου Τομέα Αθηνών,ΣΥΡΙΖΑ-ΠΣ,81598,117296
Β3' Νότιου Τομέα Αθηνών,ΚΚΕ,38470,26132
Β3' Νότιου Τομέα Αθηνών,ΠΑΣΟΚ-Κίνημα Αλλαγής,29962,20958
Β3' Νότιου Τομέα Αθηνών,ΠΛΕΥΣΗ ΕΛΕΥΘΕΡΙΑΣ-ΖΩΗ ΚΩΝΣΤΑΝΤΟΠΟΥΛΟΥ,13671,5513
Β3' Νότιου Τομέα Αθηνών,ΜέΡΑ25,13536,16252
Β3' Νότιου Τομέα Αθηνών,ΕΛΛΗΝΙΚΗ ΛΥΣΗ,13349,10965
Β3' Νότιου Τομέα Αθηνών,ΝΙΚΗ,8191,0
Β3' Νότιου Τομέα Αθηνών,ΣΥΜΜΑΧΙΑ ΑΝΑΤΡΟΠΗΣ,4153,0
Β3' Νότιου Τομέα Αθηνών,Οικολόγοι ΠΡΑΣΙΝΟΙ - ΠΡΑΣΙΝΗ  ΕΝΟΤΗΤΑ,3655,0
Β3' Νότιου Τομέα Αθηνών,ΕΘΝΙΚΗ ΔΗΜΙΟΥΡΓΙΑ,3452,3140
Β3' Νότιου Τομέα Αθηνών,ΑΝΤ.ΑΡ.ΣΥ.Α.,3105,2252
Β3' Νότιου Τομέα Αθηνών,ΚΙΝΗΜΑ ΦΤΩΧΩΝ ΕΛΛΑΔΟΣ,2768,0
Β3' Νότιου Τομέα Αθηνών,Κίνημα 21,2284,0
Β3' Νότιου Τομέα Αθηνών,ΠΝΟΗ ΔΗΜΟΚΡΑΤΙΑΣ,1992,0
Β3' Νότιου Τομέα Αθηνών,ΕΝΩΣΗ ΚΕΝΤΡΩΩΝ,1958,5375
Β3' Νότιου Τομέα Αθηνών,Κ.Ο.Τ.Ε.Σ.,1343,0
Β3' Νότιου Τομέα Αθηνών,ΠΡΑΣΙΝΟ ΚΙΝΗΜΑ,1214,0
Β3' Νότιου Τομέα Αθηνών,ΕΛΕΥΘΕΡΟΙ ΞΑΝΑ,1189,0
Β3' Νότιου Τομέα Αθηνών,ΕΝΩΝΩ ΣΥΜΜΑΧΙΑ ΕΛΕΥΘΕΡΙΑΣ,1141,0
Β3' Νότιου Τομέα Αθηνών,ΕΑΝ...,993,0
Β3' Νότιου Τομέα Αθηνών,ΚΚΕ (μ-λ),894,402
Β3' Νότιου Τομέα Αθηνών,Τ.ΟΛ.ΜΑ,634,0
Β3' Νότιου Τομέα Αθηνών,ΕΝΟΤΗΤΑ - ΑΛΗΘΕΙΑ ΕΝ.Α,606,0
Β3' Νότιου Τομέα Αθηνών,ΕΛΛΗΝΩΝ ΣΥΝΕΛΕΥΣΙΣ,529,614
Β3' Νότιου Τομέα Αθηνών,ΚΟΙΝΩΝΙΑ ΑΞΙΩΝ - ΦΙΛΕΛΕΥΘΕΡΗ ΣΥΜΜΑΧΙΑ,405,0
Β3' Νότιου Τομέα Αθηνών,ΠΟΛΙΤΙΚΗ ΠΡΩΤΟΒΟΥΛΙΑ,396,0
Β3' Νότιου Τομέα Αθηνών,Μ-Λ ΚΚΕ,309,204
Β3' Νότιου Τομέα Αθηνών,ΒΟΡΕΙΑ ΛΕΓΚΑ - ΚΡΑΜΑ,186,0
Β3' Νότιου Τομέα Αθηνών,Ο.Κ.Δ.Ε.,106,68
Β3' Νότιου Τομέα Αθηνών,ΟΑΚΚΕ,46,0
Β3' Νότιου Τομέα Αθηνών,ΕΛΛΗΝΙΚΟ ΟΡΑΜΑ,0,0
Β3' Νότιου Τομέα Αθηνών,ΝΕΑ ΔΟΜΗ,0,0
Β3' Νότιου Τομέα Αθηνών,Δημοσθένης Βεργής ΕΛΛΗΝΕΣ ΟΙΚΟΛΟΓΟΙ,0,0
Β3' Νότιου Τομέα Αθηνών,SOCIAL,0,0
Β3' Νότιου Τομέα Αθηνών,Ανεξάρτητοι,0,0
Β3' Νότιου Τομέα Αθηνών,ΕΓΓΕΓΡΑΜΜΕΝΟΙ,608500,-
Β3' Νότιου Τομέα Αθηνών,ΑΚΥΡΑ,7830,-
Β3' Νότιου Τομέα Αθηνών,ΛΕΥΚΑ,2732,-
Β3' Νότιου Τομέα Αθηνών,ΕΓΚΥΡΑ,397254,-
Β3' Νότιου Τομέα Αθηνών,ΣΥΜΜΕΤΟΧΗ,407817,-
Α' Ανατολικής Αττικής,ΝΔ,116105,100583
Α' Ανατολικής Αττικής,ΣΥΡΙΖΑ-ΠΣ,44944,69043
Α' Ανατολικής Αττικής,ΠΑΣΟΚ-Κίνημα Αλλαγής,20802,11742
Α' Ανατολικής Αττικής,ΚΚΕ,17491,11561
Α' Ανατολικής Αττικής,ΕΛΛΗΝΙΚΗ ΛΥΣΗ,12473,11315
Α' Ανατολικής Αττικής,ΠΛΕΥΣΗ ΕΛΕΥΘΕΡΙΑΣ-ΖΩΗ ΚΩΝΣΤΑΝΤΟΠΟΥΛΟΥ,8463,3747
Α' Ανατολικής Αττικής,ΜέΡΑ25,6982,9029
Α' Ανατολικής Αττικής,ΝΙΚΗ,5974,0
Α' Ανατολικής Αττικής,ΣΥΜΜΑΧΙΑ ΑΝΑΤΡΟΠΗΣ,2886,0
Α' Ανατολικής Αττικής,Οικολόγοι ΠΡΑΣΙΝΟΙ - ΠΡΑΣΙΝΗ  ΕΝΟΤΗΤΑ,2240,0
Α' Ανατολικής Αττικής,ΕΘΝΙΚΗ ΔΗΜΙΟΥΡΓΙΑ,2073,1937
Α' Ανατολικής Αττικής,ΕΝΩΝΩ ΣΥΜΜΑΧΙΑ ΕΛΕΥΘΕΡΙΑΣ,1716,0
Α' Ανατολικής Αττικής,Κίνημα 21,1716,0
Α' Ανατολικής Αττικής,ΚΙΝΗΜΑ ΦΤΩΧΩΝ ΕΛΛΑΔΟΣ,1408,0
Α' Ανατολικής Αττικής,ΑΝΤ.ΑΡ.ΣΥ.Α.,1356,917
Α' Ανατολικής Αττικής,ΠΝΟΗ ΔΗΜΟΚΡΑΤΙΑΣ,1349,0
Α' Ανατολικής Αττικής,ΕΝΩΣΗ ΚΕΝΤΡΩΩΝ,975,3361
Α' Ανατολικής Αττικής,ΕΛΕΥΘΕΡΟΙ ΞΑΝΑ,936,0
Α' Ανατολικής Αττικής,Κ.Ο.Τ.Ε.Σ.,866,0
Α' Ανατολικής Αττικής,ΕΑΝ...,757,0
Α' Ανατολικής Αττικής,ΠΡΑΣΙΝΟ ΚΙΝΗΜΑ,703,0
Α' Ανατολικής Αττικής,Τ.ΟΛ.ΜΑ,627,0
Α' Ανατολικής Αττικής,ΕΛΛΗΝΩΝ ΣΥΝΕΛΕΥΣΙΣ,473,416
Α' Ανατολικής Αττικής,ΕΝΟΤΗΤΑ - ΑΛΗΘΕΙΑ ΕΝ.Α,467,0
Α' Ανατολικής Αττικής,ΚΚΕ (μ-λ),421,178
Α' Ανατολικής Αττικής,ΚΟΙΝΩΝΙΑ ΑΞΙΩΝ - ΦΙΛΕΛΕΥΘΕΡΗ ΣΥΜΜΑΧΙΑ,294,0
Α' Ανατολικής Αττικής,ΠΟΛΙΤΙΚΗ ΠΡΩΤΟΒΟΥΛΙΑ,238,0
Α' Ανατολικής Αττικής,ΒΟΡΕΙΑ ΛΕΓΚΑ - ΚΡΑΜΑ,138,0
Α' Ανατολικής Αττικής,Μ-Λ ΚΚΕ,132,67
Α' Ανατολικής Αττικής,ΟΑΚΚΕ,50,0
Α' Ανατολικής Αττικής,Ο.Κ.Δ.Ε.,46,33
Α' Ανατολικής Αττικής,ΕΛΛΗΝΙΚΟ ΟΡΑΜΑ,0,0
Α' Ανατολικής Αττικής,ΝΕΑ ΔΟΜΗ,0,0
Α' Ανατολικής Αττικής,Δημοσθένης Βεργής ΕΛΛΗΝΕΣ ΟΙΚΟΛΟΓΟΙ,0,0
Α' Ανατολικής Αττικής,SOCIAL,0,0
Α' Ανατολικής Αττικής,Ανεξάρτητοι,0,0
Α' Ανατολικής Αττικής,ΕΓΓΕΓΡΑΜΜΕΝΟΙ,370366,-
Α' Ανατολικής Αττικής,ΑΚΥΡΑ,5426,-
Α' Ανατολικής Αττικής,ΛΕΥΚΑ,1599,-
Α' Ανατολικής Αττικής,ΕΓΚΥΡΑ,255120,-
Α' Ανατολικής Αττικής,ΣΥΜΜΕΤΟΧΗ,262145,-
Β' Δυτικής Αττικής,ΝΔ,35270,26131
Β' Δυτικής Αττικής,ΣΥΡΙΖΑ-ΠΣ,15323,27627
Β' Δυτικής Αττικής,ΚΚΕ,7686,4518
Β' Δυτικής Αττικής,ΠΑΣΟΚ-Κίνημα Αλλαγής,6258,3996
Β' Δυτικής Αττικής,ΕΛΛΗΝΙΚΗ ΛΥΣΗ,5631,3995
Β' Δυτικής Αττικής,ΠΛΕΥΣΗ ΕΛΕΥΘΕΡΙΑΣ-ΖΩΗ ΚΩΝΣΤΑΝΤΟΠΟΥΛΟΥ,2598,1201
Β' Δυτικής Αττικής,ΝΙΚΗ,2156,0
Β' Δυτικής Αττικής,ΜέΡΑ25,1846,2441
Β' Δυτικής Αττικής,ΣΥΜΜΑΧΙΑ ΑΝΑΤΡΟΠΗΣ,889,0
Β' Δυτικής Αττικής,ΚΙΝΗΜΑ ΦΤΩΧΩΝ ΕΛΛΑΔΟΣ,783,0
Β' Δυτικής Αττικής,Κίνημα 21,761,0
Β' Δυτικής Αττικής,Οικολόγοι ΠΡΑΣΙΝΟΙ - ΠΡΑΣΙΝΗ  ΕΝΟΤΗΤΑ,621,0
Β' Δυτικής Αττικής,ΕΝΩΝΩ ΣΥΜΜΑΧΙΑ ΕΛΕΥΘΕΡΙΑΣ,572,0
Β' Δυτικής Αττικής,ΕΘΝΙΚΗ ΔΗΜΙΟΥΡΓΙΑ,524,406
Β' Δυτικής Αττικής,ΕΛΕΥΘΕΡΟΙ ΞΑΝΑ,397,0
Β' Δυτικής Αττικής,ΑΝΤ.ΑΡ.ΣΥ.Α.,372,251
Β' Δυτικής Αττικής,ΠΡΑΣΙΝΟ ΚΙΝΗΜΑ,321,0
Β' Δυτικής Αττικής,ΠΝΟΗ ΔΗΜΟΚΡΑΤΙΑΣ,318,0
Β' Δυτικής Αττικής,ΕΛΛΗΝΩΝ ΣΥΝΕΛΕΥΣΙΣ,297,267
Β' Δυτικής Αττικής,ΕΝΩΣΗ ΚΕΝΤΡΩΩΝ,270,925
Β' Δυτικής Αττικής,ΚΚΕ (μ-λ),268,131
Β' Δυτικής Αττικής,Τ.ΟΛ.ΜΑ,260,0
Β' Δυτικής Αττικής,ΕΑΝ...,204,0
Β' Δυτικής Αττικής,ΕΝΟΤΗΤΑ - ΑΛΗΘΕΙΑ ΕΝ.Α,195,0
Β' Δυτικής Αττικής,ΠΟΛΙΤΙΚΗ ΠΡΩΤΟΒΟΥΛΙΑ,116,0
Β' Δυτικής Αττικής,Μ-Λ ΚΚΕ,86,40
Β' Δυτικής Αττικής,ΒΟΡΕΙΑ ΛΕΓΚΑ - ΚΡΑΜΑ,56,0
Β' Δυτικής Αττικής,ΚΟΙΝΩΝΙΑ ΑΞΙΩΝ - ΦΙΛΕΛΕΥΘΕΡΗ ΣΥΜΜΑΧΙΑ,53,0
Β' Δυτικής Αττικής,Ο.Κ.Δ.Ε.,35,16
Β' Δυτικής Αττικής,ΟΑΚΚΕ,16,0
Β' Δυτικής Αττικής,ΕΛΛΗΝΙΚΟ ΟΡΑΜΑ,0,0
Β' Δυτικής Αττικής,ΝΕΑ ΔΟΜΗ,0,0
Β' Δυτικής Αττικής,Κ.Ο.Τ.Ε.Σ.,0,0
Β' Δυτικής Αττικής,Δημοσθένης Βεργής ΕΛΛΗΝΕΣ ΟΙΚΟΛΟΓΟΙ,0,0
Β' Δυτικής Αττικής,SOCIAL,0,0
Β' Δυτικής Αττικής,Ανεξάρτητοι,0,0
Β' Δυτικής Αττικής,ΕΓΓΕΓΡΑΜΜΕΝΟΙ,133112,-
Β' Δυτικής Αττικής,ΑΚΥΡΑ,2648,-
Β' Δυτικής Αττικής,ΛΕΥΚΑ,559,-
Β' Δυτικής Αττικής,ΕΓΚΥΡΑ,84172,-
Β' Δυτικής Αττικής,ΣΥΜΜΕΤΟΧΗ,87388,-
